128,不安
128,不知所措
128,不便
128,不耐
128,不耐烦
128,不解
128,不适
128,逃避
128,担心
128,怀疑
128,侮辱
128,人心惶惶
128,分心
128,心神不宁
128,心神不定
128,心烦意乱
128,可怕
128,失眠
128,失控
128,打扰
128,打击
128,打搅
128,危
128,吃惊
128,优柔寡断
128,含糊
128,困
128,妨害
128,妨碍
128,彷徨
128,沉迷
128,忐忑
128,受不了
128,受伤
128,怕
128,怕生
128,怕羞
128,勉强
128,拮据
128,挂念
128,胡涂
128,苦恼
128,害怕
128,害羞
128,弱点
128,恐怖
128,恐慌
128,恐惧
128,神经病
128,神经质
128,脆弱
128,荒谬
128,迷惑
128,逃离
128,淹没
128,混乱
128,猜疑
128,羞怯
128,羞愧
128,惊心
128,惊呆
128,惊扰
128,惊怕
128,惊恐
128,惊悚
128,惊愕
128,惊慌
128,惊疑
128,惊吓
128,惊骇
128,惶
128,棘手
128,焦急
128,焦虑
128,愁
128,慌
128,愧
128,禁止
128,禁忌
128,罪恶
128,躲避
128,疑心
128,疑神
128,疑惑
128,疑惧
128,疑点
128,疑虑
128,疑难
128,震惊
128,操劳
128,糟糕
128,内疚
128,压力
128,发抖
128,变动
128,吓
128,唠叨
128,尴尬
128,强迫
128,忧心
128,忧患
128,忧愁
128,忧劳
128,忧烦
128,忧虑
128,惧怕
128,担忧
128,挣扎
128,搅乱
128,烦扰
128,烦恼
128,牵挂
128,犹疑
128,犹豫
128,穷困
128,紧张
128,紧绷
128,绷紧
128,胆小
128,胆怯
128,踌躇
128,迟疑
128,铤而走险
128,错乱
128,难堪
128,顾虑
128,颤抖
128,风险
128,骚动
129,不平
129,不甘
129,不悦
129,不爽
129,不满
129,否定
129,否认
129,无情
129,无理
129,无礼
129,讨厌
129,干
129,损失
129,白痴
129,下流
129,王八蛋
129,他妈的
129,呸
129,垃圾
129,放屁
129,狗屁
129,淫妇
129,混蛋
129,笨蛋
129,妈的
129,愚蠢
129,该死
129,贱
129,贱人
129,贱货
129,操
129,荡妇
129,蹩脚
129,坏蛋
129,烂货
129,仇人
129,仇恨
129,仇敌
129,反驳
129,斗争
129,打岔
129,打架
129,打断
129,忌妒
129,抗议
129,批评
129,取笑
129,抱怨
129,侮辱
129,冒犯
129,怨恨
129,指责
129,辱骂
129,插嘴
129,嘲弄
129,嘲笑
129,嘲讽
129,嘲骂
129,争吵
129,争论
129,敌人
129,讥
129,诅咒
129,谴责
129,责备
129,驳斥
129,凶
129,七窍生烟
129,上当
129,小气
129,不贞
129,仇
129,仇杀
129,仇视
129,公愤
129,反抗
129,反叛
129,反派
129,反感
129,反对
129,气急败坏
129,气愤
129,气馁
129,世仇
129,可笑
129,可鄙
129,可憎
129,可恶
129,可耻
129,打仗
129,打搅
129,打败
129,生气
129,矛盾
129,吃醋
129,成见
129,有害
129,自责
129,作弊
129,作呕
129,低能
129,冷酷
129,吝啬
129,吹毛求疵
129,坏人
129,坏话
129,屁眼
129,批判
129,折磨
129,攻击
129,狂怒
129,狂暴
129,狂躁
129,邪恶
129,刺痛
129,刺伤
129,卑劣
129,卑鄙
129,受害
129,受罪
129,受骗
129,咒骂
129,咆啸
129,性骚扰
129,抨击
129,易怒
129,歧视
129,非礼
129,非难
129,肮脏
129,侵犯
129,侵略
129,侵袭
129,叛乱
129,咬牙切齿
129,哄骗
129,威胁
129,怒
129,怒不
129,怒火
129,怒气
129,怒斥
129,怒目
129,怒色
129,怒吼
129,怒视
129,怒骂
129,恨
129,挖苦
129,拷打
129,拷问
129,挑剔
129,挑衅
129,狠心
129,看不起
129,背叛
129,胡扯
129,苛求
129,虐待
129,复仇
129,倔强
129,奚落
129,差
129,差劲
129,恐吓
129,挫折
129,消灭
129,破坏
129,缺德
129,荒唐
129,荒谬
129,偏执
129,偏见
129,得罪
129,混账
129,盛怒
129,笨
129,粗暴
129,粗鲁
129,羞辱
129,羞愤
129,羞耻
129,造反
129,欺
129,傲慢
129,嫉
129,嫌
129,愚笨
129,惹恼
129,遇难
129,触怒
129,鄙
129,酷刑
129,憎
129,撒谎
129,暴力
129,暴怒
129,暴躁
129,蔑视
129,震怒
129,激怒
129,激动
129,蹂躏
129,瞧不起
129,糟蹋
129,蠢
129,丢下
129,严酷
129,严厉
129,义愤
129,亵渎
129,众怒
129,伤天害理
129,伤害
129,冲突
129,势利
129,厌恶
129,厌烦
129,发狂
129,发怒
129,唠叨
129,处罚
129,对抗
129,对质
129,强奸
129,强暴犯
129,恶言
129,恶狠狠
129,恶意
129,恼
129,愤
129,战斗
129,战火
129,战乱
129,战争
129,抛弃
129,报仇
129,报复
129,损人
129,损坏
129,损害
129,损伤
129,敌意
129,敌对
129,敌视
129,杀
129,杀死
129,残忍
129,残酷
129,残暴
129,毁坏
129,毁伤
129,毁损
129,毁灭
129,毁谤
129,滥用
129,烂
129,烦
129,烦人
129,烦心
129,烦忙
129,烦扰
129,烦愁
129,烦躁
129,烦乱
129,烦劳
129,烦恼
129,烦杂
129,烦琐
129,烦闷
129,胁迫
129,讽刺
129,诈骗
129,说谎
129,谋杀
129,败坏
129,轻视
129,顽固
129,顽强
129,骗
129,骚扰
129,龌龊
126,不拘小节
126,正
126,好
126,肯定
126,恰好
126,耶
126,嘻
126,嘻嘻
126,丰富
126,愿意
126,分享
126,支持
126,支撑
126,付出
126,同意
126,成功
126,吸引
126,希望
126,协助
126,抱
126,玩
126,信任
126,相信
126,贡献
126,喜爱
126,喜欢
126,期望
126,爱
126,爱好
126,感谢
126,游戏
126,鼓励
126,适合
126,帮忙
126,帮助
126,谢谢
126,怀念
126,关怀
126,赢
126,赢得
126,友
126,同情
126,安心
126,伴侣
126,坦白
126,奉献
126,放心
126,朋友
126,知己
126,怜悯
126,信服
126,信赖
126,原谅
126,情人
126,甜心
126,款待
126,嘉奖
126,乐意
126,亲切
126,亲爱
126,亲爱的
126,宝贝
126,宽恕
126,帮手
126,庆典
126,庆祝
126,恋人
126,恋爱
126,挚友
126,欢迎
126,欢送
126,欢聚
126,热爱
126,爱人
126,爱恋
126,称赞
126,调情
126,赞美
126,赞扬
126,赞誉
126,钟爱
126,惊叹
126,赞叹
126,了不起
126,下定决心
126,大方
126,大笑
126,大胆
126,才能
126,才智
126,万岁
126,仁心
126,仁慈
126,仁义
126,仁术
126,仁爱
126,及时
126,天才
126,天堂
126,天资
126,天赋
126,引人注目
126,心爱
126,仔细
126,充沛
126,出色
126,功劳
126,可口
126,可靠
126,可爱
126,外向
126,平安
126,平和
126,平稳
126,平静
126,正面
126,生气勃勃
126,生命力
126,生动
126,宁静
126,光亮
126,光荣
126,光辉
126,合宜
126,回春
126,好玩
126,好笑
126,好棒
126,好处
126,好运
126,安宁
126,安全
126,安稳
126,安静
126,成就
126,收获
126,有用
126,有利
126,有助
126,有效
126,有益
126,有趣
126,有钱
126,自由
126,自在
126,自信
126,自尊
126,自豪
126,至高无上
126,至善
126,优
126,优秀
126,优良
126,优美
126,优胜
126,优惠
126,优雅
126,优势
126,优点
126,庄严
126,机敏
126,机警
126,机灵
126,伶俐
126,免费
126,冷静
126,利润
126,吻
126,孝
126,孝敬
126,孝顺
126,完美
126,完善
126,完备
126,宏大
126,宏伟
126,庇护
126,快乐
126,扶持
126,把握
126,投入
126,改善
126,改进
126,沉着
126,狂笑
126,狂喜
126,良
126,走运
126,体面
126,体会
126,体谅
126,体贴
126,享受
126,依恋
126,佳
126,典范
126,受惠
126,呵呵
126,和平
126,和善
126,和煦
126,和睦
126,和蔼
126,和谐
126,周到
126,坦率
126,坦诚
126,宜人
126,幸福
126,幸运
126,忠
126,忠心
126,忠孝
126,忠实
126,忠诚
126,承诺
126,放松
126,明亮
126,明智
126,果断
126,欣欣
126,欣喜
126,欣然
126,欣慰
126,欣赏
126,沾沾自喜
126,玩耍
126,玩乐
126,知足
126,极好
126,极乐
126,信心
126,信奉
126,信义
126,信实
126,信誉
126,保护
126,保证
126,俊美
126,冒险
126,冠军
126,勇气
126,勇敢
126,品行
126,品德
126,哈
126,哈哈
126,咯咯笑
126,幽默
126,思念
126,思乡
126,恬
126,拯救
126,挑战
126,柔
126,活力
126,活泼
126,活跃
126,珍奇
126,珍惜
126,珍藏
126,珍爱
126,珍视
126,珍贵
126,盼望
126,美人
126,美好
126,美妙
126,美味
126,美德
126,美丽
126,美梦
126,美满
126,英俊
126,英勇
126,英雄
126,洁净
126,胜利
126,胜过
126,值得
126,值钱
126,容光焕发
126,恩典
126,恩惠
126,振奋
126,效率
126,栩栩如生
126,浪漫
126,疼爱
126,益处
126,真理
126,真实
126,真诚
126,神圣
126,祝福
126,祝贺
126,笑
126,笑死
126,笑容
126,笑话
126,能干
126,虔诚
126,衷心
126,迷人
126,高雅
126,高兴
126,高贵
126,适宜
126,适当
126,适时
126,崇拜
126,崇高
126,得体
126,得意
126,得意洋洋
126,悠闲
126,推崇
126,敏捷
126,敏锐
126,清楚
126,深思
126,深情
126,深爱
126,爽
126,爽心
126,爽快
126,爽朗
126,理智
126,理想
126,甜言
126,甜美
126,甜密
126,甜甜
126,甜蜜
126,甜头
126,逗趣
126,陶醉
126,惊奇
126,惊喜
126,惊讶
126,最好
126,最佳
126,博学
126,博爱
126,喝采
126,喜上眉稍
126,喜气
126,喜出望外
126,喜形于色
126,喜极而泣
126,喜宴
126,喜从天降
126,喜剧
126,喜庆
126,喜悦
126,富有
126,富裕
126,尊重
126,尊敬
126,尊严
126,尊荣
126,尊贵
126,愉
126,景仰
126,期盼
126,棒
126,渴望
126,善心
126,善良
126,善意
126,舒服
126,舒适
126,雅致
126,傻笑
126,微笑
126,微醺
126,慈祥
126,慈悲
126,慈善
126,感恩
126,感激
126,想念
126,敬畏
126,敬重
126,敬意
126,暖和
126,解决
126,解脱
126,鼓舞
126,慷慨
126,漂亮
126,福气
126,精心
126,精美
126,精彩
126,豪爽
126,豪华
126,酷爱
126,嬉笑
126,德行
126,毅然
126,魅力
126,魄力
126,擅长
126,操守
126,整洁
126,整齐
126,激情
126,激励
126,融洽
126,耀眼
126,义
126,乐
126,乐子
126,乐不
126,乐天
126,乐在其中
126,乐此
126,乐而
126,乐得
126,乐善
126,乐趣
126,乐园
126,乐观
126,亲
126,亲吻
126,亲和
126,从容
126,伟大
126,传情
126,兴旺
126,兴致
126,兴趣
126,兴奋
126,养育
126,决心
126,决定
126,净土
126,凯旋
126,动人
126,动听
126,华丽
126,叹为观止
126,坚定
126,坚决
126,坚强
126,壮丽
126,壮观
126,壮阔
126,奖
126,奖助
126,奖杯
126,奖金
126,奖品
126,奖章
126,奖牌
126,奖励
126,奖学金
126,奖状
126,奖赏
126,妩媚
126,娱乐
126,宝贵
126,宠爱
126,宽大
126,宽容
126,帅
126,帅气
126,庆功
126,庆生
126,庆幸
126,庆贺
126,开心
126,开明
126,开朗
126,强
126,强健
126,强壮
126,抚育
126,护
126,拥抱
126,拥护
126,挚情
126,挚爱
126,挚诚
126,无畏
126,无忧无虑
126,无惧
126,时髦
126,欢天喜地
126,欢心
126,欢呼
126,欢欣
126,欢笑
126,欢喜
126,欢愉
126,欢乐
126,欢声
126,欢欢喜喜
126,温和
126,温柔
126,温情
126,温暖
126,温馨
126,满足
126,满意
126,灵巧
126,灵活
126,灵敏
126,灵感
126,灿烂
126,热切
126,热烈
126,热衷
126,热情
126,爱心
126,爱情
126,爱慕
126,爱护
126,独创
126,积极
126,稳健
126,简洁
126,细心
126,绝妙
126,缠绵
126,聪明
126,胆量
126,荣幸
126,荣耀
126,荣誉
126,获胜
126,获奖
126,认可
126,讨喜
126,许诺
126,诙谐
126,诚
126,诚心
126,诚实
126,诺言
126,谢天谢地
126,谢意
126,谨慎
126,赞
126,赞不绝口
126,赞同
126,赞佩
126,赞赏
126,赢取
126,赢钱
126,轻快
126,轻松
126,辉煌
126,钦佩
126,镇定
126,镇静
126,长处
126,阳光
126,顺利
126,鲜明
126,鲜美
126,好样
126,高端
127,不平
127,不甘
127,不安
127,不利
127,不足
127,不定
127,不宜
127,不幸
127,不服
127,不知所措
127,不便
127,不耐
127,不耐烦
127,不准
127,不屑
127,不悦
127,不爽
127,不祥
127,不符
127,不顺
127,不当
127,不解
127,不满
127,不适
127,多余
127,否定
127,否认
127,单独
127,无力
127,无足轻重
127,无情
127,无理
127,无趣
127,无礼
127,随便
127,失去
127,失败
127,打
127,死
127,讨厌
127,逃避
127,丧失
127,干
127,损失
127,担心
127,输
127,错过
127,白痴
127,下流
127,王八蛋
127,他妈的
127,呸
127,垃圾
127,怪胎
127,放屁
127,狗屁
127,淫妇
127,混蛋
127,笨蛋
127,妈的
127,愚蠢
127,该死
127,贱
127,贱人
127,贱货
127,操
127,荡妇
127,蹩脚
127,坏蛋
127,烂货
127,八卦
127,仇人
127,仇恨
127,仇敌
127,反驳
127,斗争
127,打岔
127,打架
127,打断
127,忌妒
127,抗议
127,批评
127,怀疑
127,取笑
127,拒绝
127,抱怨
127,侮辱
127,冒犯
127,怨恨
127,指责
127,辱骂
127,逗弄
127,离婚
127,插嘴
127,隔离
127,嘲弄
127,嘲笑
127,嘲讽
127,嘲骂
127,争吵
127,争论
127,归咎
127,戏弄
127,敌人
127,讥
127,诅咒
127,说长道短
127,谴责
127,责备
127,闲话
127,驳斥
127,小道
127,凶
127,倒霉
127,贪污
127,一无所有
127,七窍生烟
127,人心惶惶
127,上当
127,口吃
127,小气
127,小偷
127,万念俱灰
127,丑
127,不仁
127,不贞
127,不顾一切
127,中断
127,仇
127,仇杀
127,仇视
127,元凶
127,公愤
127,分心
127,分歧
127,分裂
127,勾引
127,厄运
127,反抗
127,反叛
127,反派
127,反感
127,反对
127,心灰意冷
127,心神不宁
127,心神不定
127,心痛
127,心碎
127,心酸
127,心烦意乱
127,支配
127,欠债
127,毛骨悚然
127,气急败坏
127,气愤
127,气馁
127,世仇
127,乏味
127,占便宜
127,可怕
127,可怜
127,可笑
127,可悲
127,可鄙
127,可憎
127,可恶
127,可耻
127,古怪
127,外行
127,外伤
127,失眠
127,失控
127,失望
127,失误
127,平庸
127,打仗
127,打扰
127,打破
127,打击
127,打搅
127,打败
127,生气
127,生病
127,生疏
127,生厌
127,目瞪口呆
127,矛盾
127,交战
127,任性
127,劣
127,危
127,吃惊
127,吃醋
127,后悔
127,回避
127,多疑
127,妄想
127,成见
127,曲解
127,有害
127,次等
127,死人
127,死亡
127,死不
127,死心
127,死气
127,死刑
127,死期
127,死路
127,死对头
127,死当
127,污秽
127,灰心
127,自大
127,自甘堕落
127,自私
127,自卑
127,自暴自弃
127,自负
127,自责
127,优柔寡断
127,作弊
127,作呕
127,低沉
127,低能
127,低能儿
127,低迷
127,低落
127,冷
127,冷淡
127,冷酷
127,吝啬
127,呆
127,吹毛求疵
127,含糊
127,困
127,坎坷
127,坏人
127,坏心
127,坏死
127,坏事
127,坏处
127,坏话
127,坏运
127,妨害
127,妨碍
127,妓女
127,局促
127,屁眼
127,岔开
127,巫婆
127,弄坏
127,弄痛
127,彷徨
127,忘恩负义
127,忍
127,抗争
127,扭曲
127,批判
127,折磨
127,抑制
127,抑郁
127,攻击
127,攻势
127,沉重
127,沉迷
127,牢骚
127,狂怒
127,狂暴
127,狂躁
127,狂热
127,私生子
127,肝肠寸断
127,辛酸
127,邪恶
127,忐忑
127,刻薄
127,刺眼
127,刺痛
127,刺伤
127,卑劣
127,卑鄙
127,受不了
127,受苦
127,受虐
127,受害
127,受罪
127,受伤
127,受骗
127,咒骂
127,咆啸
127,呼天抢地
127,固执
127,奇怪
127,奇特
127,孤
127,忽略
127,忽视
127,怪
127,怪异
127,怪诞
127,怕
127,怕生
127,怕羞
127,性骚扰
127,抨击
127,拙劣
127,抵制
127,抱歉
127,放任
127,放弃
127,放纵
127,易怒
127,昏沉
127,昏乱
127,昏头
127,枉然
127,歧视
127,泣
127,泄气
127,沮丧
127,空洞
127,空虚
127,花招
127,非礼
127,非难
127,肮脏
127,侵占
127,侵犯
127,侵扰
127,侵害
127,侵略
127,侵袭
127,俗
127,俗气
127,勉强
127,叛乱
127,咬牙切齿
127,哀求
127,哀怨
127,哀凄
127,哀痛
127,哀愁
127,哀伤
127,哀号
127,哀恸
127,哄骗
127,威胁
127,怒
127,怒不
127,怒火
127,怒气
127,怒斥
127,怒目
127,怒色
127,怒吼
127,怒视
127,怒骂
127,恍惚
127,恨
127,挖苦
127,拮据
127,拷打
127,拷问
127,挑剔
127,挑衅
127,挂念
127,柔肠寸断
127,歪曲
127,毒
127,流泪
127,炫耀
127,狠心
127,看不起
127,背叛
127,胡扯
127,胡涂
127,致命
127,苛求
127,苦
127,苦恼
127,虐待
127,迫害
127,郁
127,重担
127,陌生
127,降级
127,复仇
127,倔强
127,凌乱
127,唐突
127,哭泣
127,哭喊
127,哭诉
127,哭闹
127,哽咽
127,奚落
127,害怕
127,害羞
127,差
127,差劲
127,弱
127,弱点
127,徒劳无功
127,恐怖
127,恐慌
127,恐吓
127,恐惧
127,恭维
127,悔之
127,悔改
127,悔恨
127,悔悟
127,悔意
127,悔过
127,挫折
127,挫败
127,消沉
127,消极
127,消灭
127,疲于奔命
127,疲乏
127,疲倦
127,疲弱
127,疲累
127,疲劳
127,疲惫
127,疼痛
127,破坏
127,破灭
127,神经病
127,神经质
127,缺少
127,缺乏
127,缺失
127,缺陷
127,缺德
127,缺憾
127,缺点
127,脆弱
127,臭
127,臭气
127,臭味
127,茫然
127,荒唐
127,荒谬
127,草率
127,衰
127,衰老
127,衰弱
127,衰退
127,衰微
127,衰败
127,逆向
127,迷惘
127,迷惑
127,迷乱
127,逃离
127,假装
127,偷
127,偷取
127,偷窃
127,偏执
127,偏见
127,啜泣
127,娼妓
127,寂寞
127,寂寥
127,得罪
127,徘徊
127,患病
127,惋惜
127,情绪
127,控制
127,排斥
127,敏感
127,欲绝
127,淡漠
127,淹没
127,混乱
127,混账
127,爽约
127,猜疑
127,疏忽
127,疏漏
127,盛怒
127,眼花撩乱
127,眼泪
127,窒息
127,窒碍
127,笨
127,笨手笨脚
127,笨拙
127,粗心
127,粗俗
127,粗野
127,粗暴
127,粗鲁
127,累
127,羞怯
127,羞辱
127,羞愧
127,羞愤
127,羞耻
127,逝世
127,造反
127,野蛮
127,麻木
127,麻烦
127,惊心
127,惊呆
127,惊扰
127,惊怕
127,惊恐
127,惊悚
127,惊愕
127,惊慌
127,惊疑
127,惊吓
127,惊险
127,惊骇
127,喜怒无常
127,喜新厌旧
127,寒酸
127,悲哀
127,悲苦
127,悲凄
127,悲情
127,悲痛
127,悲愁
127,悲伤
127,悲剧
127,悲恸
127,悲悯
127,悲惨
127,悲愤
127,悲观
127,惶
127,提防
127,散漫
127,棘手
127,欺
127,焦急
127,焦虑
127,痛
127,痛不欲生
127,痛苦
127,痛哭流涕
127,脾气
127,跛
127,跛脚
127,傲慢
127,嫉
127,嫌
127,愚笨
127,感伤
127,惹恼
127,愁
127,慌
127,愧
127,搏斗
127,禁止
127,禁忌
127,罪
127,罪人
127,罪大恶极
127,罪犯
127,罪名
127,罪行
127,罪孽
127,罪恶
127,罪过
127,落伍
127,落空
127,躲避
127,遇难
127,触目惊心
127,触怒
127,触景伤情
127,摧毁
127,漫不经心
127,疑心
127,疑神
127,疑惑
127,疑惧
127,疑点
127,疑虑
127,疑难
127,精疲力竭
127,精疲力尽
127,腐朽
127,腐臭
127,腐烂
127,腐败
127,鄙
127,酸
127,酷刑
127,鼻酸
127,僵化
127,僵住
127,僵冷
127,僵局
127,僵持
127,僵硬
127,憎
127,撒谎
127,暴力
127,暴怒
127,暴躁
127,蔑视
127,遭受
127,震怒
127,震惊
127,霉运
127,懊悔
127,懊恼
127,操心
127,操劳
127,激怒
127,激动
127,瘸
127,罹难
127,褫夺
127,蹂躏
127,默哀
127,懦
127,瞧不起
127,糟
127,糟糕
127,糟蹋
127,繁琐
127,蹧蹋
127,爆发
127,蠢
127,业障
127,丢人
127,丢人现眼
127,丢下
127,丢弃
127,丢脸
127,严峻
127,严酷
127,严厉
127,丧心
127,丧气
127,丧生
127,丧志
127,丧偶
127,丧尽
127,丧礼
127,丧胆
127,为难
127,义愤
127,乐极生悲
127,书呆子
127,乱
127,亏损
127,亵渎
127,众怒
127,伤
127,伤人
127,伤亡
127,伤天害理
127,伤心
127,伤害
127,伤神
127,伤痕
127,伤悲
127,伤痛
127,伤感
127,伤势
127,伤残
127,伪造
127,债务
127,内疚
127,冲突
127,冲击
127,创伤
127,剥夺
127,势利
127,压力
127,压抑
127,压制
127,压迫
127,厌世
127,厌食
127,厌倦
127,厌恶
127,厌烦
127,发抖
127,发牢骚
127,发狂
127,发怒
127,发愁
127,变味
127,变动
127,变质
127,叹
127,叹气
127,叹息
127,吓
127,呜咽
127,唠叨
127,堕落
127,处罚
127,对抗
127,对质
127,尴尬
127,强奸
127,强迫
127,强硬
127,强暴犯
127,忧心
127,忧郁
127,忧患
127,忧愁
127,忧伤
127,忧劳
127,忧烦
127,忧虑
127,恶
127,恶人
127,恶化
127,恶心
127,恶斗
127,恶劣
127,恶言
127,恶性
127,恶毒
127,恶狠狠
127,恶耗
127,恶臭
127,恶意
127,恶梦
127,恶运
127,恼
127,惧怕
127,惨
127,惩罚
127,愤
127,懒惰
127,懒散
127,战斗
127,战火
127,战乱
127,战争
127,执拗
127,扫兴
127,抛弃
127,报仇
127,报复
127,担忧
127,挣扎
127,损人
127,损坏
127,损害
127,损伤
127,搅乱
127,敌意
127,敌对
127,敌视
127,无用
127,无助
127,无味
127,无奈
127,无效
127,无益
127,无能
127,无望
127,无聊
127,无意义
127,无精打采
127,杀
127,杀死
127,杂乱
127,残忍
127,残酷
127,残暴
127,毁坏
127,毁掉
127,毁伤
127,毁弃
127,毁损
127,毁灭
127,毁谤
127,毁败
127,泪流满面
127,泪珠
127,滥用
127,灾
127,烂
127,烦
127,烦人
127,烦心
127,烦忙
127,烦扰
127,烦愁
127,烦躁
127,烦乱
127,烦劳
127,烦恼
127,烦杂
127,烦琐
127,烦闷
127,牵挂
127,牺牲
127,犹疑
127,犹豫
127,狭小
127,狭隘
127,琐事
127,琐碎
127,疯
127,盗
127,祸
127,穷
127,穷困
127,紧张
127,紧绷
127,约束
127,纷争
127,绝望
127,统治
127,绷紧
127,缠身
127,缠讼
127,胁迫
127,胆小
127,胆怯
127,脏
127,腻
127,艰巨
127,艰困
127,艰辛
127,艰苦
127,艰深
127,艰涩
127,艰险
127,艰难
127,虚弱
127,讽刺
127,诈骗
127,诉苦
127,诡计
127,误
127,误解
127,误会
127,说谎
127,调戏
127,谋杀
127,负心
127,负债
127,负担
127,败坏
127,贪
127,贪心
127,贪生
127,贪求
127,贪念
127,贪婪
127,贪欲
127,贪图
127,贫困
127,贫苦
127,贫病
127,贫穷
127,贫贱
127,贱民
127,贱骨头
127,费力
127,贼
127,踌躇
127,软弱
127,轻忽
127,轻蔑
127,轻视
127,输家
127,输掉
127,辞职
127,过失
127,过错
127,远离
127,违心
127,违犯
127,违抗
127,违法
127,违背
127,违约
127,违纪
127,违规
127,迟到
127,迟疑
127,迟钝
127,遗憾
127,遗弃
127,钝
127,铤而走险
127,错
127,错乱
127,错误
127,镇压
127,闷
127,闷闷不乐
127,阴沉
127,阴森
127,阴暗
127,陈腐
127,难吃
127,难堪
127,难熬
127,难过
127,难闻
127,难题
127,顽固
127,顽强
127,顾虑
127,颤抖
127,风险
127,骗
127,骚扰
127,骚动
127,龌龊
127,土气
127,花头
