2443529353,与最爱的暂别，只为酝酿那些微的可能与希望…
2443529353,女排打得有点让人难过，特别像12年奥运，哎。
2443529353,南无阿弥陀佛[蜡烛][蜡烛]
2443529353,太萌了(つ﹏?)受不了了~~~
2443529353,本人在泰国工作 可代请各类泰国佛牌 佛像 古曼 代购泰国yanhee减肥药 各类品牌护肤品 精油 香薰产品 良心代购 假一赔万！我在这里：#????????????? # 
2443529353,去海南玩了几天[爱你]
2443529353,职场如战场，分久必合，合久必分，没有永远的敌人也没有永远的朋友，只有相互利益的联盟。SO，时刻保持清醒，尽量不得罪掌权的，不惹小人得志的，以礼想让，以诚待人，勿淌浑水，勿阴对手，做好自己，摆正心态，日久必能见人心，路遥必能知马力。
2443529353,明天去学校报道去~ 晚安~[可怜]#开学了#
2443529353,#中山大学调查：96% 男生自慰 70% 女生自慰#霸气啊[嘻嘻][嘻嘻]中山大学调查：96% 男生自慰 70% 女生自慰 我分享了http://t.cn/zH1PcCO
2443529353,南充群内新进的美女，网名路遥
2443529353,还是没忍住[泪] 
2443529353,麦迪都是我们这一代球迷的青春的见证。 麦迪不会老去，他会存在于我们我们每一次打球，聚会的闲聊中。 再见，青春！麦迪是我唯一唯一喜欢的篮球球星！
2443529353,分享图片 
2443529353,转发微薄[笑哈哈]
2443529353,还有好多人没睡[挖鼻屎][挖鼻屎][挖鼻屎][挖鼻屎][挖鼻屎]
2443529353,统考英语中的交际用语和英译汉复习的差不多鸟！[酷]
2443529353,三贱客！你们搅基还要发视频我看！敢不敢登微信，易信没有流量跟你们耗[流泪]我是佳洁士不是牙膏千万别忘了 风蜗牛青睐小蜗牛 让人讨厌的猫BABY
2443529353,#达人生活特权#我刚刚领取了 华影梅花园影城 的超值优惠券【梅花园付25元享100元通兑电影票1张】 ，你们也赶紧来抢优惠吧：http://t.cn/zjmT1Qe
2443529353,这红色欢呼不是红魔而是红军，输特了，[泪][泪][泪]
2443529353,开车在外面乱转，都不知道去哪了，木有小伙伴不开心[失望] 
2443529353,今天去试妆，我还是适合韩系妆，化妆师比我小两岁，说我长得比她年轻，以为我也就20左右，还说我长得挺韩范儿的，小眼睛小脸小尖下巴的。我只能说她是为了让我定她的妆吧。我定的婚纱别人也相中了，巧的是我们是一天的日子，因为定给我了她没办法只好花钱买了一套一样的婚纱，看来这件婚纱确实太美了！
2443529353,帅么？
2443529353,天呐，刚刚又地震了，很明显的震感。甘肃天水！！！
2443529353,哎呦我去，火车站永远这么多的人……
2443529353,#收行李#
2443529353,有谁知道怎么一次性删除多条微博微博小秘书
2443529353,[爱你][爱你]好！~
2443529353,很多时候，我想要的只是一个肯定的眼神和一颗理解的心。。。你知道吗？
2443529353,为耳朵转 萌啊/乀那XX:糖三角形
2443529353,转发微博
2443529353,别怪我的僵尸粉!!
2443529353,下周开始不上微博，至少持续一周，发本条微博为证。现在看到此条微博的各位都晚安。[拜拜]
2443529353,#火爆天王#人总是对在乎自己的人自私苛刻肆无忌惮，对不在乎自己的人谦虚有利春风满面。
2443529353,真心羡慕… 
2443529353,[哈哈]
2443529353,三连胜，不经意之间已经上升到第六了。 
2443529353,那些年，未来遥远得没有形状，我们单纯得没有烦恼。
2443529353,我那么努力，是不是为了在更高的高度遇见你?
2443529353,只要看见花，心情就会无限好。
2443529353,人生已经如此艰难 你又何苦拆穿 ...
2443529353,错过这次一年一次的坑爹考试后，终于我知道了我现在的生活是有多么懒散，做事情似乎没有一件上心和用心的，这种生活很像金钱般，拥有越多，越是想要，甚至在它面前金钱都已不重要。
2443529353,转发微薄[下班]]
2443529353,山南水北 人来人往 
2443529353,下午睡了会晚上就睡不着了。哎
2443529353,好吧，我手贱点到了。。。笑死我了。。。 http://t.cn/zQouDL6 
2443529353,回复lyf111386:[阳光][微风][心] 
2443529353,领到驾驶证喽！！！好高兴，好兴奋！[哈哈][太阳]啦啦啦 
2443529353,#孝道#【母亲因患白血病无钱治疗，儿不言放弃，当人体模特 筹钱救母】两个月前，一直有风湿病的母亲又被查出患了白血病。经济拮据的母子俩无法承受这昂贵的医疗费。为筹钱给母亲治病，重庆九龙坡区小伙韩信，当起了人体模特。尽管报酬很少，但他还是希望能以此挽留住母亲的生命..http://t.cn/zQs4Nsk
2443529353,转发微博
2443529353,结果终于揭晓了，得了个第三名！再次感谢帮我投票的各位微友，谢谢！http://t.cn/z8coZTq
2443529353,唉 。。。。。。 还有一小时就回去了 苦逼的孩子啊 从去年12月份到现在才第一次上微薄。 各位亲 你们还好撒？
2443529353,MD，我不开心！想回家睡觉
2443529353,是16楼吧！！够不着是不是 哈哈哈
2443529353, 法克艾瑞森 大姑娘赵无敌 素铭是好学生- 求人品大爆发[哈哈][哈哈]
2443529353,#每日一善# 关注他们，帮助他们，一次转发能让更多人行动起来！http://t.cn/zOStOkh
2443529353,光阴的故事 试听地址&gt;&gt;&gt; http://t.cn/z85DNio (通过#唱吧#录制)
2443529353,今天连班 明天休息 阿哈哈 让我想想明天干嘛去呀??
2443529353,活得糊涂的人，容易幸福；
2443529353,3分木有了～～～～～ 
2443529353,噢，舞团来贵州咯??????高艳津子 好想去现场呀，也只有看微博直播咯??甘雨雨
2443529353,留长发中...[哈哈][哈哈]
2443529353,知道的太多未必是好事儿～
2443529353,#钢子1起捐#[赞]#1元改变世界# 钢子 你说，哪怕你创建的钢丝军团只有一名成员，你都将在此永远善良地存在！ 我们相信你在，钢丝军团 在，我们都在。公益慈善之路并不是所有人能理解，就如你所说 希望看到的是人心向善。我们支持你！[赞]1起捐[赞]1元改变世界 ！钢丝军团
2443529353,我永远的女神。[good]
2443529353,【意甲-辫帅传射日本飞翼连场破门】9月2日凌晨2时45分，2013-14赛季意甲第二轮，国际米兰客场挑战卡塔尼亚队。最终国际米兰3-0击败卡塔尼亚队，意甲取得两连胜，正式比赛取得三连胜。帕拉西奥传射建功，长友佑都连续第二轮破门，阿尔瓦雷斯长途奔袭建功。
2443529353,什么都是相互的，如果别人不在乎了，你还那么执着，会很累。你真正在乎的那个人，时间、距离都不是问题，就算在天涯海角，还是会努力追去。大多数人只是可有可无，想起来了，追忆一下以前的青春，暂时遗忘了，也许就此开始，他只是你生命中的过客。所以，珍惜你该珍惜的人！在床下，别人的不一定最好！
2443529353,好冷啊[生病][生病][生病]风好大
2443529353,是两母子吧，一起朝向她们心中的圣地！我都感动得有点想哭了！赞助她们点！...
2443529353,转发微薄[微风]
2443529353,什么时候我可以拥有属于自己的车，可以开车来上班，不用每天风刮日晒的骑着小电车奔波了[泪][泪][泪]
2443529353,来听听我唱的《家后》 试听地址&gt;&gt;&gt; http://t.cn/z8fxyk3 (通过#唱吧#录制)
2443529353,转发微薄[下班]]
2443529353,百度了之后。我在想这个内容应该是表扬各地的吧？因为太优秀了。所以很可怕哇？[吃惊]
2443529353,哈哈哈，这个可以笑一下
2443529353,转发微博
2443529353,我相信爱情啦
2443529353,转发微博
2443529353,[可爱] http://t.cn/zjx70U7
2443529353,秀一个~
2443529353,成都，再见。这个让我无比怀念兴奋而又没落伤心的城市。是它，让我有了一生的遗憾。记得三年前，我在嘉陵江旁说过。三年后的今天，我在此以人头立下重誓，我一定会归来，身披金色甲衣，脚踏五彩祥云。“有朝一日龙得水，我让锦江水倒流。” 
2443529353,我要踢球 [熊猫] 
2443529353,转发微博
2443529353,[哈哈][哈哈][哈哈]
2443529353,这个。。。哈哈哈。。。也太像。。。哈哈哈
2443529353,#爱在七夕# 干了一天苦力的我，只能和女朋友琼琼晚上吃个干汁麻辣烫，非常愧疚，下次一定补上
2443529353,回复达芬奇了没:是，黑烟把他们眼睛都熏瞎了，这帮不作为的就得等纪委查他们！ 
2443529353,大早起一进办公室看见她都烦、一西、恶心死个人
2443529353,回复我爱厨房韩伟:广元焖面[馋嘴] 
2443529353,十分钟交卷的感觉真爽～[酷]
2443529353,转发微薄[围观]
2443529353,忙死了[抓狂]一上来32个！
2443529353,[汗] 
2443529353,转发微薄[lb味]
2443529353,＂当不了英雄别回家＂。你别说，有些军训的孩子还真有个兵样。
2443529353,转发微博
2443529353,我今天在#微盘签到#获得了9M免费空间，好运指数1颗星，你也来试试手气吧http://t.cn/aoXFJa 微盘 新浪网旗下云存储网盘！
3559243282,水手服的诱惑~萌呆了！~
3559243282,撼动人心的美丽 只一个瞬间就够。
3559243282,Alison Krauss天籁般的声音，仿佛从空旷山底悠悠飘来，宛如艾曼心怀爱意那归家的脚步般。打动心扉，却蕴含忧伤。《冷山》。http://t.cn/hpy8u
3559243282,【僵尸战车】Earn to Die中，你需要为了到达救命机场而开车穿越僵尸重重的危险之地，在旅途中，你可以购买各种装备提升你的战车，尽力达到下一个庇护所，当你被僵尸缠上是则需要前后摆动甩掉他们
3559243282,可爱大熊猫爆笑闹分手！亲爱的，哈尼，求求你不要走嘛，不要离开我嘛~~ http://t.cn/zj0ivjk
3559243282,开不开心都紧扣 ，不辛苦都接受， 是一个成就。张智霖《十指相扣》。http://t.cn/hNR7a
3559243282,主人，他欺负我，我不想和他玩了。
3559243282,【《少女革命》BD-BOX发行，封面由漫画版作者齐藤千穗绘制】由动画导演几原邦彦率领的团队 BE-PAPAS 担任原作、剧本等的日本跨媒体制作作品──《少女革命（UTENA）》动画 Blu-ray BOX 上下卷即将在明年发行，商品的包装盒封面插图由漫画版作者，齐藤千穗（さいとうちほ）小姐绘制。
3559243282,【《ONE PIECE》三连冠达成！「日本 Yahoo 动画电玩关键字排行榜」结果公开】从大人到小孩都有广大支持者的日本国民动漫作品《ONE PIECE》再度拿下了动漫电玩类排行榜的第一位，同时也达成了从 2010 年就持续占据第一名宝座的三连冠纪录。
3559243282,爱情就是有个人心甘情愿的被欺负。
3559243282,洒满阳光的草地，和闺蜜一起晒太阳最爽了。
3559243282,苍天啊！大地啊！不是说世界末日吗？坑爹啊！有木有。
3559243282,【极速风暴】快加入追求刺激、酷爱挑战的全球人士行列，跻身于《极速风暴》的竞速联赛中吧！做好测试极限的准备，完美驾驭各款赛车，力争打破最佳记录，并荣获最顶尖车手的头衔！各式各样可自由升级改装的超炫赛车任君选择，在扣人心弦的赛道上感受那种风驰电掣的极速乐趣吧！
3559243282,【实力派声优+虚拟音乐偶像「音乐少女」计划正式公开】 cosmic record 请到实力派声优组成的虚拟偶像音乐团体计划「音乐少女」正式对外发表，官网也公开了第 1 弹组合「魂之摇滚乐手──千歳ハル（CV：沼仓爱美）」和「DTM 酷酷美少女──熊谷絵里（CV：瀬戸麻沙美）」这对拍档的相关情报。
3559243282,【暴走任务 TrollFace Quest】是一款休闲游戏，来体验这个疯狂的世界吧，有趣的任务，疯狂的故事，超乎常理的逻辑，你能够找到关键顺利过关吗？游戏需要FLASH播放器支持。
3559243282,睡觉的时候一定要盖好被子。
3559243282,据说趴着睡可以长命百岁，一起试试啊。
3559243282,风骚的走位，精简的装备，自信的表情，饱满的步伐，还有那鲜艳的红领巾，让人陶醉，80年代的现场！皇后乐队Queen经典歌曲《We Will Rock You》。http://t.cn/a8Jo1W
3559243282,两个人在一起，如果不开心，不快乐，也许分手，也算是一件好事。“好心一早放开我，从头努力也坎坷，统统不要好过，为何唱着这首歌，为怨恨而分手，问你是否原谅我，若注定有一点苦楚，不如自己亲手割破”——王力宏卢巧音《好心分手》。http://t.cn/hGInXX
3559243282,带我回家吧，亲耐的。
3559243282,两个故意卖萌的家伙，抱走。
3559243282,宁愿肥死，偶也不减肥。
3559243282,看什么看，再看我就把你吃掉。
3559243282,很喜欢的一首励志歌，GreeeeN最棒，《キセキ》。http://t.cn/hCNuZ
3559243282,【《银魂》剧场版推出3款特制爆米花】大人气动画的完结篇《剧场版银魂 完结篇 永远的万事屋》终于即将于7月6日在日本正式上映了。这部作品将带来一段怎样的故事呢？相信粉丝们已经迫不及待地想要一睹真容了吧。
3559243282,【《放浪男孩》漫画连载将在下月完结】根据最新情报，志村贵子创作的人气漫画《放浪男孩》将在7月12日发售的《月刊Comic Beam》8月号上将迎来最终回，结束长达10年半的连载。
3559243282,【神奇蒂姆】当蒂姆落入梦的深渊时，该轮到您来帮助他解救生命中的爱了。通过划动手势击毁迎面而来的各种障碍，杀死那些试图阻止您完成任务的所有敌人。熔岩池会阻碍您的前进，但是盗取一个飞行包将帮助您飞越这些障碍。只需简单地点击屏幕就能开启螺旋桨，轻松地飞越这些恼人的熔岩。
3559243282,色彩艳丽的花朵小外套，内搭一件条纹衫，下装搭配一条湖蓝色的长裙，时尚优雅，潮味十足。　
3559243282,看似繁复的花朵小外套，一定要搭配一条纯色的长裙，才有对比，也更显得时尚有型。
3559243282,【著名声优内海贤二6月13日因病去世】根据最新情报，饰演《北斗神拳》拉奥的著名声优内海贤二在6月13日下午3点01分，因为癌性腹膜炎在东京新宿区的医院去世，享年75岁。目前葬礼和告别仪式时间未定，他的妻子是同样身为声优的野村道子。
3559243282,干练又简洁的欧版拼接背心，十分的有范，精致合身的剪裁品味高雅，搭配上别致的蓝色印花裙，拼接的设计非常的具有drama感，既时尚又有自己的个性。  
3559243282,很特别的镂空撞色针织衫，松垮的设计，上身很有型，肩部不对称的款式，充满了时尚的味道。
3559243282,【明朝怪异事：把苍蝇老鼠谱成曲子传唱】明曲“胆太大”，把个“四害”专门谱曲，艺术价值又很高，可谓前无古人，后无来者。“四害”之曲，或批判，或愤怒，或戏谑，或幽默，真可谓“曲”不惊人死不休！
3559243282,【商鞅为何会从改革家变成“全民公敌”？】令人惜，乃是因为他是一个善处事而不善自处的人，或者说，他能做大事，却只能做小人。处事练要，为人刻薄。为国谋，善；为己谋，拙。以小人的方法去做大事，事成了，人却败了！
3559243282,【高达新作影像企划发表会下月举行】根据最新情报，日升动画公司在高达情报门户站“GUNDAM.INFO”上，宣布将举办“高达新作影像企划”发表会！举办时间定在7月2日11点59分开始！
3559243282,【百合漫画《樱Trick》TV动画化决定】由タチ老师于2011年5月起开始在《Manga Time Kirara Miracle》(日语：まんがタイムきららミラク)中连载的4格漫画《樱Trick》于近日发表了TV动画化决定的消息!
3559243282,大约在7亿年前，地球因为被冰雪几乎完全覆盖而成为了一个“雪球地球”。据认为，在“雪球地球”恶劣条件下，地球上几乎所有生命都已灭绝。不过，英国和澳大利亚等国科学家近日在澳大利亚发现了“雪球地球”时期仍然有生命存活于海洋之中的证据。科学家认为，某些微生物形态的生命逃过了这场冰雪灾难！
3559243282,九月的第一周，加油。[拳头]
3559243282,【红枣葡萄干米糕】1.水加入酵母，混合均匀;2.倒入粘米粉和面粉搅拌均匀;3.倒入葡萄干和红枣（红枣洗净后用剪刀剪碎块）搅拌均匀;4.模具中抹油，将面糊倒入模具中，再在表面撒上些葡萄干和红枣;5.醒发至2倍大;6.中火蒸20分钟左右即可。
3559243282,http://t.cn/zQNpRqq
3559243282,http://t.cn/zQNpRqq
3559243282,http://t.cn/zQNpRqq
3559243282,提起斜塔，人们首先会想到意大利的比萨斜塔，该塔因为倾斜数百年不倒而闻名于世，更由于伽利略的“两个铁球”自由落体实验而被写进了中学课本。其实我国也有很多斜塔，有的倾斜度比比萨斜塔还要高、历史也更为久远，只不过它们没有比萨斜塔那么有名罢了。
3559243282,在墨西哥南部恰帕斯州发现一个高70厘米、重20公斤的巨大蘑菇，研究人员将把它制成标本用于研究和教学。这是2007年6月21日拍摄的一名男子抱着这个大蘑菇的资料照片。
3559243282,【香葱培根炒饭】1.培根切丁，小葱切末。鸡蛋打散2.锅烧热，放入培根丁，炒香。推到锅边。3.倒入鸡蛋，鸡蛋稍微凝固，倒入米饭4.米饭炒散，鸡蛋培根米饭炒匀，加盐，一点宝宝酱油。翻炒均匀。5.下入小葱，起锅。一碗香喷喷的炒饭上桌。
3559243282,【一张百元大钞吃遍成都小吃】—蛋烘糕、荤燃面、甲比馒头、怪味面、白家肥肠粉、王婆荞面、凉糕、荞麦面、牛肉军屯锅盔、老麻抄手、凉糕甜品、肖记灌汤包、韩包子、优汁良品水晶包、三大炮、莲子羹、糖油果子、麻辣小土豆、新茶粗毛峰、卷烟、廖记胖老妈蹄花、兔头。吃货组团去成都。
3559243282,受暴风雪影响，一座位于美国俄亥俄州伊利湖克利夫兰港的灯塔近日完全被冰层覆盖，从远处望去，仿佛一座冰雪雕刻的中世纪古堡。连日来美国和加拿大部分地区不断遭到强暴风雪袭击，美国已有多个州的高速公路和机场被迫关闭，至少4人在恶劣天气导致的车祸中死亡。
3559243282,美国警方16日公布180张神秘失踪女性的照片，称这些女性很可能已经被一个绰号为“残酷睡客”的凶手杀害。警方希望认识这些女性的民众能够积极提供相关线索。
3559243282,席慕容：似乎习惯了等待， 单纯的以为等待就会到来。 但却在等待中错过了， 那些可以幸福的幸福。 在失去时后悔， 为什么没有抓住。 其实等待本身就是一种可笑的错误。 明知道等待着一份不知能否到来的幸福……
3559243282,请教手相君
3559243282,【安徽钉子户抗争9年两度坐牢 自制喷火枪抗强拆】蚌埠最牛 钉子户张安房，自制喷火枪，养藏獒，防御强拆数年。8月1日，面对挖掘机靠近，防暴警察威慑，开发公司环伺，凭着液化气瓶、烈犬和红缨枪，在辣椒水喷雾中，他不要命地挣扎、抗争着，在“有血”呐喊声中被请进班房。
3559243282,http://t.cn/zQNpRqq
3559243282,#金融@ 家 环保有我#“低碳达人”抢好礼，“环保达人”拍轿车！三步搞定：用指定交易、获减排积分、抢心动好礼！接受我的邀请并分享，就有机会获得50元话费及小浪玩偶哦！ @xing01010011L @桂晓刚2013 @鹰潭龙虎山自助游 http://t.cn/z8V4I4D
3559243282,#金融@ 家 环保有我#“低碳达人”抢好礼，“环保达人”拍轿车！三步搞定：用指定交易、获减排积分、抢心动好礼！接受我的邀请并分享，就有机会获得50元话费及小浪玩偶哦！ @xing01010011L @最潮聊天表情 @千金德庸 http://t.cn/z8V4I4D
3559243282,http://t.cn/zQNpRqq
3559243282,#体彩大乐透# @体彩超级大乐透  转发即可参与抽奖，每天送出2个ipad、50个移动电源和600张手机充值卡，等你来抢！体彩大乐透，2元可中1000万，3元可中1600万！  @千金德庸 @在你面前你不知道我爱你 @新手指南 猛戳 http://t.cn/zQsgr9t
3559243282,在我国历史上，华夏之中在我国河南汝南县城北1.5千米处。原来周公帮助周武王打下了江山，测量土地，把全国分为九州，豫州在中，而豫州之中的汝南的一座大台处，称为“天中台”。今存石碑两块，刻有唐代书法家颜真卿的“天中山”三个字。
3559243282,【蒸出来的好味道，老法蒸四宝】材料：淡菜 ，咸肉 ，笋干 ，豆干。作法：1.一次将豆干咸肉笋干淡菜整齐的排列好2.放入剁椒野山椒味精鸡精盐辣油至蒸箱蒸8分钟左右拿出3.撒上葱花浇上一勺热油即可。做法超简单，卖相还让人看着那么有胃口。
3559243282,这些全是抹茶哦，抹茶控的看过来呀！
3559243282,#专研亮白，万人实证#  见证3倍净白效能， 10000份黑人专研亮白等你免费领取，抢先体验 http://t.cn/zQ4xNuJ http://t.cn/zQwMZLo
3559243282,#金融@ 家 环保有我#“低碳达人”抢好礼，“环保达人”拍轿车！三步搞定：用指定交易、获减排积分、抢心动好礼！接受我的邀请并分享，就有机会获得50元话费及小浪玩偶哦！ @Hey_达蒙x @浮尘丶丶丶丶K @在你面前你不知道我爱你 http://t.cn/z8V4I4D
3559243282,这是开罗市中心默罕默德·阿里清真寺的一扇门，距今有近两百年的历史，由土耳其建筑师设计 。
3559243282,这是雅加达老城区Fatahillah博物馆的普通的红色大门，但是每天博物馆闭馆后，总有一个老人在这里过夜 。
3559243282,照个镜子也不用这么嗨皮吧~
3559243282,我的最爱，马上开演了
3559243282,【麦蒂连续致谢猛龙魔术火箭 3张图片总结峥嵘生涯】8月29日，尽管麦蒂在过去的16年里一共效力过7支不同的NBA球队，但是这其中对他的职业生涯产生重大影响只有猛龙、魔术和火箭这三支球队。因此借着近期正式宣布从NBA退役的机会，麦蒂在推特上分别向这三支球队以及那里的球迷表达了一番肺腑之言。
3559243282,【新车谍照： 法拉利458 Scuderia版或9月亮相】海外媒体在马拉内罗Maranello赛道上拍摄到了一组法拉利458 Monte Carlo车型的测试谍照。我们可以把新车看作458的高性能版，同时新车采用了更加动感的外观设计和轻量化技术，有望于9月首发。
3559243282,【DIY麻辣虾】做法：1、虾去头，去掉背部泥线，洗净；2、干红椒、青椒、泡椒切好，大蒜切片，生姜切片，大葱斜切；3、热锅，油热后，倒入干红椒、青椒、泡椒、葱、蒜、姜、花椒，炒出味道后倒入虾，然后放入盐、酱油、味精，待虾颜色变红即可出锅。
3559243282,【360° ELECTRIC】这是宝马借发布i3而推出的电气化服务概念，包含在家中充电、充电站充电、可靠性与创新机动性四大领域，另外，通过智能手机的监控，可随时了解电池状态、充电状态、行驶里程以及调节空调，并根据需要提供最节能的路线以及路途中所经过的充电站等信息。
3559243282,【森林狼聘请GM为桑德斯分忧 前奇才副总经理入主】北京时间8月29日消息，森林狼夏天的运作一直由总裁菲利普-桑德斯在操作，据ESPN报道，他们决定聘请总经理为他分忧，前奇才的副总经理米尔特-牛顿加盟森林狼。
3559243282,【组图：西班牙农民历时50年使用垃圾废料建40米高教堂】据每日邮报，现年86岁的西班牙农民贾斯托-马丁内兹历时50年，用垃圾在马德 里附近建造了一座高达40米的巨大教堂。他没受过建筑学训练，也没有建筑经验，以前更没垒过砖头。在患肺结核而幸存后，他兴起 用垃圾和废弃建筑材料建造大教堂的想法。
3559243282,【新一代飞度Mugen版曝光】继本田新一代飞度的官图在海外发布后，一组由本田御用改装厂Mugen（无限）打造的更运动的飞度车型曝光，其中橙色车身的是RS版，白色车身的是S版。
3559243282,【酱椒蒸翅中】翅中洗净擦干表面水分，用刀在上横切几刀，方便入味；把翅中放进容器中，放姜丝，葱段和一汤匙料酒，然后加一大勺豆瓣酱；所有材料拌匀，腌制1个小时；烧开锅中水，把腌制好的翅中放入大火蒸15分钟左右，出锅撒点香葱末即可。
3559243282,【奶香芒果炖蛋】做法：1.鸡蛋磕入碗中，加糖打散，加入牛奶搅匀。2.芒果切丁，放入蒸碗中。3.将牛奶蛋液用小筛过滤，倒至蒸碗的九分满。4.将蒸碗蒙上包鲜膜，放入已上汽的蒸锅中。5.大火蒸8分钟关火，再闷2分钟即可。
3559243282,【李某某等涉嫌强奸案开庭 法院认定不存在非法证据】8月28日，李某某的母亲梦鸽（中）来到北京市海淀区人民法院。当日，李某某等涉嫌强奸案在北京市海淀区人民法院开庭审理。  http://t.cn/z8yBUzH
3559243282,【现代新朗动8月24亮相 配置升级/搭1.6T】改款朗动将于8月24日正式在韩国亮相，北京现代朗动车型有望同步改款。未来新朗动车型有望增加一款1.6T发动机，其最大功率达到150Kw，峰值扭矩达到265Nm，同时新车外观也会有所微调。你认为1.6T发动机会增加朗动的竞争力吗？
3559243282,【汽车改装】天鹅绒越来越流行了，路虎揽胜极光这次也披上了！不知中国的第一辆天鹅绒什么时候出？
3559243282,【家常豆腐】做法：胡萝卜青椒和豆腐切块，木耳泡开；豆腐下油锅煎至两面金黄；余油倒入豆瓣炒出红油，加入姜末、青椒、胡萝卜和黑木耳略炒；倒入豆腐块，盐糖调味，加少许水煮3分钟后大火收汁即可。
3559243282,【天蝎座男人的靠谱之处】答应恋人的事一定做到；一旦说出口的话，无论如何都会遵守自己的诺言--天蝎男十分注重信诺。他们答应恋人的大小事，无论如何都会努力做到，从不让她的满满期待落空。这种坚持实属难得，而天蝎男正是凭借顽强的意志力，跟自己的懒惰心理、偶尔的健忘做着激烈的抗争。
3559243282,【疼爱双子座爱人的正确方式】他们太会耍宝了，如果你喜欢听甜言蜜语的话，双子座可以绝对满足你的虚荣心。他们可以每天换着不重样儿的把你捧到天生去。其实他们是脆弱而没有安全感的所以才会忽冷忽热。他们是你的好伙伴，可以陪你畅谈一切。不要把他们绑的太紧，他们需要空间和朋友。
3559243282,【芋头酒酿炖鸡】1）鸡处理净斩小块，用开水汆烫捞出沥干。2）芋头洗净，削皮后切成块，葱切段姜切片。3）锅中倒油，油热后将鸡块下锅翻炒。4）加老抽、生抽、葱姜和八角，加热水、甜酒酿大火烧开转小火炖煮15分钟。5）芋头放锅中和鸡块一起炖煮半小时至芋头软糯，加盐炒匀收汁即可。
3559243282,【欧盟将从明年7月1日停止在欧盟区征收漫游费】6月16日消息，欧盟委员会在布鲁塞尔投票通过一项决议，整个欧盟地区将从明年7月1日起停止征收通话、短信和上网服务的漫游费，这将是欧盟建立统一的电信市场大计的部分内容。
3559243282,【疯狂猜图】脑力激荡，根据一张图片，找出正确的答案，考验自己的知识面，挑战自己和好友！ 金刚、后天、盗梦空间；鲁迅、林肯、居里夫人； 看看你能不能猜出所有的题目！ 
3559243282,【孤胆车神：维加斯】是 Gameloft 出品的一款经典游戏，堪称手机版的“侠盗飞车”。游戏保持了一如既往的高度自由度，和《GTA》一样，这个系列最吸引人的地方，就是在完成各种任务的同时，享受那自由的国度，杀人、抢车、金钱交易，成为城市的主宰。
3559243282,艾薇儿最心碎的一首歌，6秒钟响起的那段钢琴收住了眼泪，送走了爱人，留住了爱情...... http://t.cn/zlgyOsk
3559243282,【天蝎座女生的婚姻失败之处】斗不过小三；都说好老婆要斗得过小三，可是却没有人说怎么斗那些心思深沉的小三才行，要是我说啊，天蝎座的心思那么单纯，根本就不适合和小三斗，即便是为了爱情而争估计最后也就是伤心。
3559243282,【天使脸魔鬼心的星座】第1（巨蟹座）、第2（双鱼座）、第3（天蝎座）、第4（水瓶座）、第5（天秤座）【最招人妒恨的星座】NO.4 双子座(狡黠头脑，坏坏嘴巴)、NO.3 射手座(气焰高涨，态度嚣张)、NO.2水瓶座(特立独行，搞怪行径)、NO.1狮子座(天上天下，唯我独尊)
3559243282,【三星手机一年推出多少产品？】6月16日消息，来自英国的British gadget tech网站根据三星这一年来在英国发售的各种不同型号产品绘制了这张分布图，一共有26款不同大小的移动设备分别用不同的颜色来表示。这张图仅仅反映的是三星在英国地图的产品分布，如果扩展到全世界，那么将是更加庞大的阵容。
3559243282,李宗盛《我终于失去了你》~唱歌和做事一样，用心才能变好！那句“我终于失去了你”，又触动了我们的泪腺~ http://t.cn/zlgCnY7
3559243282,【把射手女打入冷宫的言行】刨根寻底，总在追问我情史；一向习惯潇洒自在生活的射手女谈一段恋爱本就不容易，若男方还总频频追问射手女的情史，这无疑是在揭女方的伤疤，而射手女，其实不大愿意把自己的伤口一次次展示给别人看的，即使是跟自己关系最亲近的人。 
3559243282,听前面部分，觉得节奏就算是热血气质十足却也不是张玮的魅力所在，最后果然没让人失望，“音乐疯子”的高音真的出现了！连画面都颤抖了^^！《英雄崛起》 http://t.cn/zlDfHLz
3559243282,【美国安局将裁员1000人 防止出现更多“斯诺登”】据“中央社”8月14日报道，美国国家安全局前雇员爱德华斯诺登揭露美国政府监控计划震撼了美国情报官员。现在，美国国际安全局选在敏感时间点精简90%的系统管理员。有报道指出，这或许是连斯诺登都始料未及的后续效应。
3559243282,【英国成 人小说作家EL詹姆斯收入登福布斯榜首】8月14日电 据BBC中文网报道，早些时候几乎人手一册的《格雷的50道阴影》(Fifty Shades Of Grey)除了一度是最畅销书籍之外也为其作家带来了丰厚利润。日前，福布斯(Forbes)杂志更公布说，英国作家EL詹姆斯(EL James)已经成为其最高收入作家之冠。
3559243282,不管我嘴上是如何得说不想你们，不管我身在何方。我的心依着你，我的情牵着你。《绿叶对根的情意》 http://t.cn/zlTse0Z
3559243282,《变成陌生人》是台湾甜蜜教主王心凌在2012年11月30号发行的音乐专辑《爱不爱》中的首播主打抒情歌曲。也是热门偶像剧《爱情调色盘》的片尾曲。 http://t.cn/zldyfJG
3559243282,【贵州凯里原市长：省内能告倒我的人还没生出来】“在贵州省范围内，能告倒我的人还没生出来。”去年2月，洪金洲近乎嚣张地回应商人举报警告。持续举报的商人们，在上半年看到成效。因卷入刘铁男案在其案发第9天，洪被免去除黔东南州副州长以外所有职务。6月省纪委将他带走调查。
3559243282,【警方称陈宝成等浇汽油威胁人质 家属疑警方设局】山东平度公安局刑拘7名拆迁居民事件引发广泛关注。财新传媒法治记者陈宝成被指涉嫌非法拘禁他人，浇汽油威胁人质。其家属和代理律师则认为，司机可能是故意被留置的，以使事态发展到25小时之后，便于警方以非法拘禁他人名义抓人。
3559243282,【埃及首都游行冲突已致1人身亡 至少11人受伤】综合报道，当地时间8月13日，埃及前总统穆尔西的支持者在首都开罗街头游行途中与政府支持者发生冲突。据报道，已有1人在冲突中死亡，另有至少11人受伤。
1665034432,不知道还说我是命好还是命不好，突然骑着骑着电动车就被扎胎了，而停下来的旁边就有个修车的！感谢老天爷了，看来做好事还是有汇报的[兔子] 我在:http://t.cn/z85OpQM
1665034432,我的小米2S发彩信总是发不出去，说是服务器错误，不知道什么原因，给解决一下吧@小米手机
1665034432,回复@潘佑I屹:你这人说话真没口德
1665034432,朝鲜真的是一个很恐怖的民族，怪不得朝鲜的女人那么便宜都愿意嫁出朝鲜；如果这个程度的“淫秽影片”就要处死的话，那中国那些在娱乐园打混的人，还不知道已经死了多少次了呢！！！
1665034432,朝鲜真的是一个很恐怖的民族，怪不得朝鲜的女人那么便宜都愿意嫁出朝鲜；如果这个程度的“淫秽影片”就要处死的话，那中国那些在娱乐园打混的人，还不知道已经死了多少次了呢！！！
1665034432,转发微博
1665034432,转发微博
1665034432,转发微博
1665034432,//@每日高清电影: 【#狮子座#本周塔罗牌面】
1665034432,转发微博
1665034432,现在社会党额现状就是这样，我们这儿的村支部书记哪个不是肥的流油啊
1665034432,转发微博
1665034432,现在社会党额现状就是这样，我们这儿的村支部书记哪个不是肥的流油啊
1665034432,转发微博
1665034432,转发微博
1665034432,转发微博
2308037995,你在哪呢？怎么没消息。？？。
2308037995,等他当上海军的军长你要是还把这照片存着估计闭眼的就不是他了
2308037995,哈哈，老男孩
2308037995,开学一起嗨一下！！！OK？怎么说当年的班长我也有份嘛！！
2308037995,他那是不要命的，要死一起死。没事，习惯就好了
2308037995,心情很不好的时候，可以想想，为了一个共同的理想，大家都不容易，分歧是有的，误会也会有，最重要的就是在说完、气完以后还能坚守自己的岗位。你说呢@**（老板，买醉）
2308037995,87
2308037995,我个男人为毛要艾特我
2308037995,说那么多干嘛，一句话，没钱买[呵呵]
2308037995,今晚的小快餐让你吃吐了吧，明晚咋们大吃特吃，咋们可爱又迷人的阳阳请吃。
2308037995,回复@俏俏之顺风:那么懂我呢！！！实话实说吧，猪哥最近是手头有点紧了，你都不知道嘞着裤腰带过日子是什么感觉[泪].........言归正传[嘻嘻]，诶，刚刚想说啥的，忘了忘了，找个表情符号把想说的话给弄没了，啊[崩溃][崩溃][崩溃]
2308037995,每当我心烦意乱的时候就喜欢嚼槟榔，虽然这东西致癌，但是槟榔配上香烟，我定法力无边。我承认我现在就在嚼（爱他就给他买包槟榔吧，谢谢）
2308037995,不管你们信不信，反正我是信了
2308037995,回复@Tel恢恢:[爱你][爱你][爱你]
2308037995,回复@CX__XY:还没找到人帮我开门呢
2308037995,今天见到一女生让我脸红了，这可是首次
2308037995,抛砖引玉呀，这块转有点小了，你咋不打碎一箱然后让全校都闻到呢
2308037995,看啥呢，阳阳这是在范花痴呀
2308037995,有么？有的速速将你的名字砸过来
2308037995,每当我坐在最后一排睡觉的时候，我会觉得在我前面睡觉的同学特别的可笑[鲜花][鲜花][鲜花]
2308037995,回复@CX__XY:恶心，主要是不经济。现在觉得友香好便宜。。。
2308037995,我帮你，有什么可以帮忙的尽管说
2308037995,便宜点卖条给我吧，我想给我姐买件东西做为她新婚嫁妆
2308037995,刚吃饱，全吐了
2308037995,回复@俏俏之顺风:你是不是去琴房了，刚看见你坐老师的车进去了
2308037995,回复@CX__XY:什么东东，菜单上都没有，就那几个菜，其他都是海鲜
2308037995,回复@CX__XY:那怎么行，除非你走在我前面，不然就煞风景了，大好风光，祖国的大好河山我们要细细品味[嘻嘻]对吧！再说，有人敢露，就要有人敢看呀，不然她露出来有啥意义？？？？
2308037995,回复@CX__XY:没办法呀，专业英语，唯一一门不用考试的科目，不上就是找屎啊
2308037995,回复@CX__XY:吃不了，知道我为什么脸红么
2308037995,回复@俏俏之顺风:旭阳都帮你转发了。。。
2308037995,回复@俏俏之顺风:人家要的是摩托，我的是助力车
2308037995,回复@CX__XY:不好，说错话了，都是你。我一个良好市民被你给害了
2308037995,回复@CX__XY:因为她在我前面走，上楼的时侯走光了，当她发现我盯着他的时候，我觉得委屈。所以脸红了，声明：无意的
2308037995,室友被部队征走了，进来点个鸭面线试试，算是告别
2308037995,回复@womni斌斌_机械小猫咪葫芦娃:宿舍老二
2308037995,拔出来
2308037995,楞是没明白此博的重点在哪里，长是长了，可是没有中心思想，叫我等如何取舍？
2308037995,上
2308037995,你身上的绿茶味道
2058171011,嗯嗯我相信[爱你]/@万谦宠嗳: @秋之夕喵 @Ichbin_Meng 在还没到来的时候，有我陪伴你们，要一起变得越来越优秀，等他到来的时候，好好珍惜〜相信他离你们不远了[爱你][爱你]
2058171011,薄饼好大一块，吃的好饱！但很好吃，和驹去血拼的感觉真好！
2058171011,[鼓掌]好棒啊！辛苦了谢谢他呀！
2058171011,回复@Qalca:[泪]嗯帅哥长残了
2058171011,薄饼好大一块，吃的好饱！但很好吃，和驹出去血拼好开心啊！
2058171011,转发微博
2058171011,可怜的孩子啊！摸摸头
2058171011,老啦〜
2058171011,薄饼好好吃，和驹在一起好开心哦 我在这里:http://t.cn/z8Aj6ff
2058171011,回复@李洛克1988:去那里逛逛街
2058171011,回复@李洛克1988:挺不错的，那里是静安区
2058171011,回复@李洛克1988:在梅龙镇广场里的一家下午茶店
2058171011,我也会的，觉得好恶心汗毛都竖起来了。习惯就好了
2058171011,终于有翻译的了[花心]
2058171011,回复@万谦宠嗳:挺可爱的呀
2058171011,[哈哈]这样最有安全感了
2058171011,[哈哈][哈哈][嘻嘻]
3083049911,//@一起去旅行: 秋天的第一片落叶，是我的。
3083049911,三月，关于桃花的记忆[lt巨汗]
3083049911,爱雪的美丽
3083049911,碎碎的景致在路上
3083049911,转发微博
3083049911,//@丝芙兰SEPHORA: #Sephora 最新店#9月1日，丝芙兰威海威高店盛大开业！开业期间各种惊喜好礼享不停，9月14日前会员购物更有双倍积分奖励。地址：威海市环翠区新威路17号威高购物中心1楼
3083049911,朋友是永远的财富
3083049911,一份 散落的思绪[km拜年]
3083049911,面对自己
3083049911,//@的萨嘎放大: 转发微博
3083049911,美丽无声[好囧]
3083049911,幸福是在寒冷的夜晚有人给我披上一件外套
3083049911,//@年轻时尚潮流: 最励志的一句话
3083049911,转发微博
3083049911,转发微博
3083049911,转发微博
3083049911,有爱真好
3083049911,[萌萌惊讶]
3083049911,每个人都有成功的机会！就看你给不给自己机会
3083049911,梅海
3083049911,转发微博
3083049911,镜花水月之月下婵娟
3121996901,当有人心脏骤停时，拨打急救热线，每秒两次的快速用力按压，别犹豫，你不会产生危害。好了~人醒了，开餐吧！僵尸也会心脏复苏术，因为肉不新鲜不好吃 ~  http://t.cn/zjIAXtU
3121996901,【魔声官方】[心]授权直销网店【原价2890元】魔声耳机[威武]【活动价490元】[给力]正品保障不用说还支持30天无理由退换货http://t.cn/zjUw2kZ[围观]众巨星热爱的魔声时间不多心动的就赶紧抢购吧[礼物]分享购买地址&lt;&lt;http://t.cn/zjVWGY9
3121996901, [笑哈哈]【魔声官方】[心]授权直销网店【原价2890元】魔声耳机[心][心]【活动价490元】[给力]正品保障不用说还支持30天无理由退换货http://t.cn/zjUw2kZ[心]众巨星热爱的魔声时间不多心动的就赶紧抢购吧[礼物]分享购买地址&lt;&lt;http://t.cn/zjVWGY9
3121996901,【魔声官方】[心]授权直销网店【原价2890元】魔声耳机[威武]【活动价490元】[给力]正品保障不用说还支持30天无理由退换货http://t.cn/zjUw2kZ[围观]众巨星热爱的魔声时间不多心动的就赶紧抢购吧[礼物]分享购买地址&lt;&lt;http://t.cn/zjVWGY9
3121996901,[围观]【头戴式魔声耳机疯狂秒杀进行中....】[礼物]科比、萧亚轩、孙杨等众国际巨星的最爱原价2890元http://t.cn/zjUw2kZ[给力]现秒杀只要490元！限量只有200个[钟]100%正品，支持专柜验货，全国联保[good]戴上它，整个世界都属于你，，，想购买的速度点击抢购地址[转发]&gt;&gt;&lt;&lt;http://t.cn/zjVWGY9
3121996901,【实拍南京数十城管群殴店主】近日出现一段视频称“实拍南京数十城管群殴店主，脱头盔狠砸头部，场面相当劲爆。”视频中一些穿城管制服的人与一名壮汉发生激烈冲突，后被民警和民众拉开。南京江宁办事处人员表示，“个别城管队员确实有些失控，有行为过激的地方”。http://t.cn/zWdW0d4
3121996901,我多想告诉你，经过了那么多的思念和伤痛之后，我还是不能忘记你。我就是如此简单的人，简单的想法，简单的生活，爱简单的歌，简单的爱。不知道恋你是不是纯粹的简单？
3121996901, [笑哈哈]【魔声官方】[心]授权直销网店【原价2890元】魔声耳机[心][心]【活动价490元】[给力]正品保障不用说还支持30天无理由退换货http://t.cn/zjUw2kZ[心]众巨星热爱的魔声时间不多心动的就赶紧抢购吧[礼物]分享购买地址&lt;&lt;http://t.cn/zjVWGY9
3121996901,【聚团购活动首次太阳镜1折秒杀】[心]奶奶的，比我在香港买的还便宜~不过戴着效果很赞超显脸小！[心]~朋友们见了都想买~现在6色可选，原价1680【秒杀仅售168元】[礼物]数量有限外出旅游好拉风啊幸好活动还继续~你还在犹豫什么？[给力]把地址分享给大家啦&gt;&gt;&gt; http://t.cn/zjVlvGL
3121996901,明星款墨镜限时1折[给力]奶奶的，比我在香港买的还便宜~~[心]不过戴着效果很赞，超显脸小！~朋友们见了都想买~现在6色可选[礼物]仅售168元！！！数量有限外出旅游好拉风啊！！[蜡烛]幸好活动还继续~把地址分享给大家啦~~购买地址&gt;&gt;http://t.cn/zjVlvGL
3121996901,[蜡烛]【头戴式魔声耳机疯狂秒杀进行中...】[礼物]科比、萧亚轩、孙杨等众国际巨星的最爱原价2890元http://t.cn/zjUw2kZ[给力]现秒杀只要490元！限量只有200个[钟]100%正品，支持专柜验货，全国联保[good]戴上它，整个世界都属于你，，，想购买的速度点击抢购地址&gt;&gt;&lt;&lt;http://t.cn/zjVWGY9
3121996901,【魔声官方】[心]授权直销网店【原价2890元】魔声耳机[威武]【活动价490元】[给力]正品保障不用说还支持30天无理由退换货http://t.cn/zjUw2kZ[围观]众巨星热爱的魔声时间不多心动的就赶紧抢购吧[礼物]分享购买地址&lt;&lt;http://t.cn/zjVWGY9
3121996901,众韩星爆笑版江南Style http://t.cn/zjWgMt0
3121996901,好消息，好消息！【明星款太阳镜限量秒杀啦】[给力]专柜原价1680，现秒杀价只要168、168、168！100%正品[心]假一罚万，支持专柜验货，120天无理由退货戴上它[礼物]你将瞬间拥有女王风范，成为这个夏天的一道风景分享[蜡烛]秒杀地址&gt;&gt;http://t.cn/zjVlvGL
3121996901,日本精确步操表演，睁大眼睛看好了，1分钟40秒后全是亮点！！ http://t.cn/zjAwEBN
3121996901,你的一句话可以改变我一天的心情，你的一条短信可以左右我一天的情绪；因为你，我变得很纠结，变得不知如何是好……这一切都只是因为你。
3121996901,全掌Max气垫、多重压力气室气垫系统、[礼物]轻质网眼透气鞋面…耐克nike有史以来最具匠心的透气运动鞋--Air Max http://t.cn/zT2AYch 10年的跑王神话，不是结束，而是开始【聚团购大特惠3折促销】原价860现价只需289还全国包邮[good]错过今天等到明年！抢购地址&gt;&gt;&gt;http://t.cn/zjUbfdU
3121996901,【跑鞋之王】[礼物]到底是哪双Running有如此骄傲的称谓呢？[蜡烛]NIKE Air Max巨大的魅力，不只靠它科技感十足的出众外表http://t.cn/zYEveOe 10年的跑王神话，【聚团购大特惠3折促销】原价860现价只需289还全国包邮[给力]一年只有一次！错过今天等到明年！抢购地址&gt;&gt;http://t.cn/zjUbfdU
3121996901,明星款墨镜限时1折[给力]奶奶的，比我在香港买的还便宜~~[心]不过戴着效果很赞，超显脸小！~朋友们见了都想买~现在6色可选[礼物]仅售168元！！！数量有限外出旅游好拉风啊！！[蜡烛]幸好活动还继续~把地址分享给大家啦~~购买地址&gt;&gt;http://t.cn/zjVlvGL
3121996901,明星款墨镜限时1折[给力]奶奶的，比我在香港买的还便宜~~[心]不过戴着效果很赞，超显脸小！~朋友们见了都想买~现在6色可选[礼物]仅售168元！！！数量有限外出旅游好拉风啊！！[蜡烛]幸好活动还继续~把地址分享给大家啦~~购买地址&gt;&gt;http://t.cn/zjVlvGL
3121996901,真尼玛的震惊了[笑哈哈]实在HOLD不住了！[视频]http://t.cn/zT2AYch正品NIKE2013Air Max情侣跑鞋[礼物]【聚团购大特惠3折促销】[给力]原价880现价只需289还全国包邮！[礼物]一起屯两双吧~要不过几天又涨了[给力]童鞋们也来看看有没你喜欢的[钟]猛戳这里吧&gt;http://t.cn/zjUbfdU
3121996901,【魔声官方】[蜡烛]授权直销网店【原价2890元】魔声耳机[威武]【活动价490元】[给力]正品保障不用说还支持30天无理由退换货http://t.cn/zjUw2kZ[围观]众巨星热爱的魔声时间不多心动的就赶紧抢购吧[钟]分享购买地址&lt;&lt;http://t.cn/zjVWGY9
3121996901,【跑鞋之王】[礼物]到底是哪双Running有如此骄傲的称谓呢？[蜡烛]NIKE Air Max巨大的魅力，不只靠它科技感十足的出众外表http://t.cn/zYEveOe 10年的跑王神话，【聚团购大特惠3折促销】原价860现价只需289还全国包邮[给力]一年只有一次！错过今天等到明年！抢购地址&gt;&gt;http://t.cn/zjUbfdU
3121996901,【聚团购活动首次太阳镜1折秒杀】[心]奶奶的，比我在香港买的还便宜~不过戴着效果很赞超显脸小！[心]~朋友们见了都想买~现在6色可选，原价1680【秒杀仅售168元】[礼物]数量有限外出旅游好拉风啊幸好活动还继续~你还在犹豫什么？[给力]把地址分享给大家啦&gt;&gt;&gt; http://t.cn/zjVlvGL
3121996901,[给力]【头戴式魔声耳机疯狂秒杀进行中...】[礼物]科比、萧亚轩、孙杨等众国际巨星的最爱原价2890元http://t.cn/zjUw2kZ现秒杀只要490元！限量只有200个[钟]100%正品，支持专柜验货，全国联保[good]戴上它，整个世界都属于你，，，想购买的速度点击抢购地址&gt;&gt;&lt;&lt;http://t.cn/zjVWGY9
3121996901,明星款墨镜限时1折[给力]奶奶的，比我在香港买的还便宜~~[心]不过戴着效果很赞，超显脸小！~朋友们见了都想买~现在6色可选[礼物]仅售168元！！！数量有限外出旅游好拉风啊！！[蜡烛]幸好活动还继续~把地址分享给大家啦~~购买地址&gt;&gt;http://t.cn/zjVlvGL
3121996901,【聚团购活动首次太阳镜1折秒杀】[心]奶奶的，比我在香港买的还便宜~不过戴着效果很赞超显脸小！[心]~朋友们见了都想买~现在6色可选，原价1680【秒杀仅售168元】[礼物]数量有限外出旅游好拉风啊幸好活动还继续~你还在犹豫什么？[给力]把地址分享给大家啦&gt;&gt;&gt; http://t.cn/zjVlvGL
3121996901,【魔声官方】[蜡烛]授权直销网店【原价2890元】魔声耳机[威武]【活动价490元】[给力]正品保障不用说还支持30天无理由退换货http://t.cn/zjUw2kZ[围观]众巨星热爱的魔声时间不多心动的就赶紧抢购吧[钟]分享购买地址&lt;&lt;http://t.cn/zjVWGY9
3121996901,[给力]【头戴式魔声耳机疯狂秒杀进行中...】[礼物]科比、萧亚轩、孙杨等众国际巨星的最爱原价2890元http://t.cn/zjUw2kZ现秒杀只要490元！限量只有200个[钟]100%正品，支持专柜验货，全国联保[good]戴上它，整个世界都属于你，，，想购买的速度点击抢购地址&gt;&gt;&lt;&lt;http://t.cn/zjVWGY9
3121996901,【聚团购活动首次太阳镜1折秒杀】[心]奶奶的，比我在香港买的还便宜~不过戴着效果很赞超显脸小！[心]~朋友们见了都想买~现在6色可选，原价1680【秒杀仅售168元】[礼物]数量有限外出旅游好拉风啊幸好活动还继续~你还在犹豫什么？[给力]把地址分享给大家啦&gt;&gt;&gt; http://t.cn/zjVlvGL
3121996901,明星款墨镜限时1折[给力]奶奶的，比我在香港买的还便宜~~[心]不过戴着效果很赞，超显脸小！~朋友们见了都想买~现在6色可选[礼物]仅售168元！！！数量有限外出旅游好拉风啊！！[蜡烛]幸好活动还继续~把地址分享给大家啦~~购买地址&gt;&gt;http://t.cn/zjVlvGL
3121996901,【魔声官方】[蜡烛]授权直销网店【原价2890元】魔声耳机[威武]【活动价490元】[给力]正品保障不用说还支持30天无理由退换货http://t.cn/zjUw2kZ[围观]众巨星热爱的魔声时间不多心动的就赶紧抢购吧[礼物]分享购买地址&lt;&lt;http://t.cn/zjVWGY9
3121996901,【魔声官方】[心]授权直销网店【原价2890元】魔声耳机[威武]【活动价490元】[给力]正品保障不用说还支持30天无理由退换货http://t.cn/zjUw2kZ[围观]众巨星热爱的魔声时间不多心动的就赶紧抢购吧[礼物]分享购买地址&lt;&lt;http://t.cn/zjVWGY9
3121996901,【魔声官方】[心]授权直销网店【原价2890元】魔声耳机[威武]【活动价490元】[给力]正品保障不用说还支持30天无理由退换货http://t.cn/zjUw2kZ[围观]众巨星热爱的魔声时间不多心动的就赶紧抢购吧[礼物]分享购买地址&lt;&lt;http://t.cn/zjVWGY9
3121996901,【魔声官方】[蜡烛]授权直销网店【原价2890元】魔声耳机[威武]【活动价490元】[给力]正品保障不用说还支持30天无理由退换货http://t.cn/zjUw2kZ[围观]众巨星热爱的魔声时间不多心动的就赶紧抢购吧[礼物]分享购买地址&lt;&lt;http://t.cn/zjVWGY9
3121996901,【聚团购活动首次太阳镜1折秒杀】[心]奶奶的，比我在香港买的还便宜~不过戴着效果很赞超显脸小！[心]~朋友们见了都想买~现在6色可选，原价1680【秒杀仅售168元】[礼物]数量有限外出旅游好拉风啊幸好活动还继续~你还在犹豫什么？[给力]把地址分享给大家啦&gt;&gt;&gt; http://t.cn/zjVlvGL
3121996901,【魔声官方】[心]授权直销网店【原价2890元】魔声耳机[心][心]【活动价490元】[给力]正品保障不用说还支持30天无理由退换货http://t.cn/zjUw2kZ[心]众巨星热爱的魔声时间不多心动的就赶紧抢购吧[礼物]分享购买地址&lt;&lt;http://t.cn/zjVWGY9
3121996901,好消息，好消息！【明星款太阳镜限量秒杀啦】[给力]专柜原价1680，现秒杀价只要168、168、168！100%正品[心]假一罚万，支持专柜验货，120天无理由退货戴上它[礼物]你将瞬间拥有女王风范，成为这个夏天的一道风景分享[蜡烛]秒杀地址&gt;&gt;http://t.cn/zjVlvGL
3121996901,铁公鸡还会留点铁锈呢，你根本就是个不锈钢公鸡！
3121996901, 【魔声官方】[蜡烛]授权直销网店【原价2890元】魔声耳机[威武]【活动价490元】[给力]正品保障不用说还支持30天无理由退换货http://t.cn/zjUw2kZ[围观]众巨星热爱的魔声时间不多心动的就赶紧抢购吧[礼物]分享购买地址&lt;&lt;http://t.cn/zjVWGY9
3121996901,你有多久没被紧紧地拥抱过了。。。
3121996901,你的一句话可以改变我一天的心情，你的一条短信可以左右我一天的情绪；因为你，我变得很纠结，变得不知如何是好……这一切都只是因为你。
3121996901,【毛泽东发号召：2000万知识青年上山下乡】1968年12月22日，《人民日报》引述了毛泽东指示：“知识青年到农村去，接受贫下中农的再教育，很有必要。”随即全国开展了知识青年“上山下乡”活动。此后到1978年，有近2000万知青上山下乡，接受“教育”。http://t.cn/a1Pw3z
3121996901,言多必失，沉默是金。倾听是一种智慧、一种修养、一种尊重、一种心灵的沟通。平静是一种心态、一种成熟 。
3121996901,好消息，好消息！【明星款太阳镜限量秒杀啦】[给力]专柜原价1680，现秒杀价只要168、168、168！100%正品[心]假一罚万，支持专柜验货，120天无理由退货戴上它[礼物]你将瞬间拥有女王风范，成为这个夏天的一道风景分享[蜡烛]秒杀地址&gt;&gt;http://t.cn/zjVlvGL
3121996901,韩国2012全年100强音乐榜！ 一次听个够吧！Best of KOUNTDOWN 2012 TOP 100~http://t.cn/zj8Dtne
3121996901,[给力]【头戴式魔声耳机疯狂秒杀进行中...】[礼物]科比、萧亚轩、孙杨等众国际巨星的最爱原价2890元http://t.cn/zjUw2kZ现秒杀只要490元！限量只有200个[钟]100%正品，支持专柜验货，全国联保[good]戴上它，整个世界都属于你，，，想购买的速度点击抢购地址&gt;&gt;&lt;&lt;http://t.cn/zjVWGY9
3121996901,男人跟一个女人一起的时间越长，可以容忍她迟到的时间则越短。
3121996901,【魔声官方】[蜡烛]授权直销网店【原价2890元】魔声耳机[威武]【活动价490元】[给力]正品保障不用说还支持30天无理由退换货http://t.cn/zjUw2kZ[围观]众巨星热爱的魔声时间不多心动的就赶紧抢购吧[钟]分享购买地址&lt;&lt;http://t.cn/zjVWGY9
3121996901,我敢打赌！！！只要你睇！！！绝对会转发的！！ 真是太神了！！ 这货绝对是台球界的一朵奇葩啊！！http://t.cn/zjwc1ss
3121996901,明星款墨镜限时1折[给力]奶奶的，比我在香港买的还便宜~~[心]不过戴着效果很赞，超显脸小！~朋友们见了都想买~现在6色可选[礼物]仅售168元！！！数量有限外出旅游好拉风啊！！[蜡烛]幸好活动还继续~把地址分享给大家啦~~购买地址&gt;&gt;http://t.cn/zjVlvGL
3121996901,明星款墨镜限时1折[给力]奶奶的，比我在香港买的还便宜~~[心]不过戴着效果很赞，超显脸小！~朋友们见了都想买~现在6色可选[礼物]仅售168元！！！数量有限外出旅游好拉风啊！！[蜡烛]幸好活动还继续~把地址分享给大家啦~~购买地址&gt;&gt;http://t.cn/zjVlvGL
3121996901,这才叫街舞！！2012优秀街舞精彩剪辑，第一个就让我热血沸腾了！56秒的妹子我给你跪下！！背景音乐好给力，街舞果然是要在街上跳才带感，帅呆了！http://t.cn/zjjf2zy
3121996901,明星款墨镜限时1折[给力]奶奶的，比我在香港买的还便宜~~[心]不过戴着效果很赞，超显脸小！~朋友们见了都想买~现在6色可选[礼物]仅售168元！！！数量有限外出旅游好拉风啊！！[蜡烛]幸好活动还继续~把地址分享给大家啦~~购买地址&gt;&gt;http://t.cn/zjVlvGL
3121996901,耐克nike有史以来最具匠心的透气[心]运动鞋AIR MAX 2013网面跑步鞋情侣[笑哈哈]运动必备【聚团购大特惠3折促销】[礼物]http://t.cn/zT2AYch原价860现价只需289还全国包邮[蜡烛]一年只有一次！错过今天等到明年！抢购地址&gt;&gt;&gt;http://t.cn/zjUbfdU
3121996901,【魔声官方】[心]授权直销网店【原价2890元】魔声耳机[心][心]【活动价490元】[给力]正品保障不用说还支持30天无理由退换货http://t.cn/zjUw2kZ[心]众巨星热爱的魔声时间不多心动的就赶紧抢购吧[礼物]分享购买地址&lt;&lt;http://t.cn/zjVWGY9
3121996901,[给力]【头戴式魔声耳机疯狂秒杀进行中...】[礼物]科比、萧亚轩、孙杨等众国际巨星的最爱原价2890元http://t.cn/zjUw2kZ现秒杀只要490元！限量只有200个[钟]100%正品，支持专柜验货，全国联保[good]戴上它，整个世界都属于你，，，想购买的速度点击抢购地址&gt;&gt;&lt;&lt;http://t.cn/zjVWGY9
3121996901,明星款墨镜限时1折[给力]奶奶的，比我在香港买的还便宜~~[心]不过戴着效果很赞，超显脸小！~朋友们见了都想买~现在6色可选[礼物]仅售168元！！！数量有限外出旅游好拉风啊！！[蜡烛]幸好活动还继续~把地址分享给大家啦~~购买地址&gt;&gt;http://t.cn/zjVlvGL
3121996901,泰坦尼克主题曲《我心永恒》，最震撼的一次现场版演唱。耐心等待1分钟，当提琴声一起，我的心瞬间被融化，Celine永恒的女神！http://t.cn/zWDGW5C
3121996901,跳舞很正常，可是狗跳舞你们看过没有[偷笑]太可爱了 http://t.cn/zlTNYCl
3121996901,真尼玛的震惊了，[偷乐]实在HOLD不住了！正品NIKE2013Air Max情侣跑鞋[赞]【聚团购大特惠3折促销】http://t.cn/zT2AYch原价860现价只需289还全国包邮！[心]一起屯两双吧~要不过几天又涨了~童鞋们也来看看有没你喜欢的，[礼物]猛戳这里吧&gt;&gt;http://t.cn/zjUbfdU
3121996901,[围观]【头戴式魔声耳机疯狂秒杀进行中.】[礼物]科比、萧亚轩、孙杨等众国际巨星的最爱原价2890元http://t.cn/zjUw2kZ[给力]现秒杀只要490元！限量只有200个[钟]100%正品，全国联保[good]戴上它，静静的，整个世界都属于你，，，想购买的速度点击抢购地址[转发]&gt;&gt;&lt;&lt;http://t.cn/zjVWGY9
3121996901,真尼玛的震惊了，[偷乐]实在HOLD不住了！正品NIKE2013Air Max情侣跑鞋[赞]【聚团购大特惠3折促销】http://t.cn/zT2AYch原价860现价只需289还全国包邮！[心]一起屯两双吧~要不过几天又涨了~童鞋们也来看看有没你喜欢的，[礼物]猛戳这里吧&gt;&gt;http://t.cn/zjUbfdU
3121996901,黑色的飞鸟掠过天空。我站在城中。看时间燃成灰烬。哗哗作响。
3121996901,明星款墨镜限时1折[给力]奶奶的，比我在香港买的还便宜~~[心]不过戴着效果很赞，超显脸小！~朋友们见了都想买~现在6色可选[礼物]仅售168元！！！数量有限外出旅游好拉风啊！！[蜡烛]幸好活动还继续~把地址分享给大家啦~~购买地址&gt;&gt;http://t.cn/zjVlvGL
3121996901,好消息，好消息！【明星款太阳镜限量秒杀啦】[给力]专柜原价1680，现秒杀价只要168、168、168！100%正品[心]假一罚万，支持专柜验货，120天无理由退货戴上它[礼物]你将瞬间拥有女王风范，成为这个夏天的一道风景分享[蜡烛]秒杀地址&gt;&gt;http://t.cn/zjVlvGL
3121996901,【聚团购活动首次太阳镜1折秒杀】[心]奶奶的，比我在香港买的还便宜~不过戴着效果很赞超显脸小！[心]~朋友们见了都想买~现在6色可选，原价1680【秒杀仅售168元】[礼物]数量有限外出旅游好拉风啊幸好活动还继续~你还在犹豫什么？[给力]把地址分享给大家啦&gt;&gt;&gt; http://t.cn/zjVlvGL
3121996901,碧昂斯的最小粉丝尿不湿先生[偷笑]天才啊 http://t.cn/zjlK4rJ
3121996901,明星款墨镜限时1折[给力]奶奶的，比我在香港买的还便宜~~[心]不过戴着效果很赞，超显脸小！~朋友们见了都想买~现在6色可选[礼物]仅售168元！！！数量有限外出旅游好拉风啊！！[蜡烛]幸好活动还继续~把地址分享给大家啦~~购买地址&gt;&gt;http://t.cn/zjVlvGL
3121996901,明星款墨镜限时1折[给力]奶奶的，比我在香港买的还便宜~~[心]不过戴着效果很赞，超显脸小！~朋友们见了都想买~现在6色可选[礼物]仅售168元！！！数量有限外出旅游好拉风啊！！[蜡烛]幸好活动还继续~把地址分享给大家啦~~购买地址&gt;&gt;http://t.cn/zjVlvGL
3121996901,【聚团购活动首次太阳镜1折秒杀】[心]奶奶的，比我在香港买的还便宜~不过戴着效果很赞超显脸小！[心]~朋友们见了都想买~现在6色可选，原价1680【秒杀仅售168元】[礼物]数量有限外出旅游好拉风啊幸好活动还继续~你还在犹豫什么？[给力]把地址分享给大家啦&gt;&gt;&gt; http://t.cn/zjVlvGL
3121996901,在没遇到你以前，我怎么也想象不出，自己会那么深刻的去爱一个人。和你在一起后，也从不敢想象没有你的世界会是怎样。我只知道，此刻的我比谁都幸福，因为有你！
2915491895,回复@Cherry-wa:[抓狂][抓狂][抓狂][抓狂][抓狂][抓狂][抓狂][抓狂][抓狂][抓狂]烦死了
2915491895,回复@Cherry-wa:最近学校不是很多移动啊电信啊什么的活动嘛。我们宿舍都去办了电信的卡。送手机。我也办了。刚刚用那个手机连cmcc一直连不上。现在是pad，速度还不错
2915491895,回复@Cherry-wa:没。最低24。我准备把移动的卡取消所有业务。感觉电信很合算哎
2915491895, @开启刷屏模式的徐起伏  //@粽粽粽粽粽粽粽:神展开 //@毛裤机智排行榜第一: 哈哈哈哈哈消停点吧哈哈哈哈 //@钢钢钢钢钢蹦儿:哈哈哈警车比救护车快 //@MRNU不想接电话:hhhhhhhhhh//@排列整齐的阿盏: 哈哈哈哈哈哈哈 //@里八神:笑死我了，卑微的2格Orange 3G！
2915491895,我在学校[泪]
2915491895,烦死了。九点多就困了那时上床肯定倒下就睡了。结果捣鼓那个破手机到现在还睡不着。。。cmcc连不上去有种被坑的感觉好渴好干好烦躁！@开启刷屏模式的徐起伏 
2915491895,李嘉欣？
2915491895,回复@Cherry-wa:你用的什么网啊
2915491895,既然这样我也转一个，反正也没rp中！
2915491895,肯定没有噻 想都不用想
2915491895,回复@啊鹿啊鹿啊:不可以吧我下午去教务处问问
2915491895,回复@Cherry-wa:多呀！你呢
2915491895,回复@Cherry-wa:宽带和无线都可以。一样算时间
2915491895,回复@Cherry-wa:chinanet就是电信呀
2915491895,@开启刷屏模式的徐起伏 饿了怎么办
2915491895,回复@啊鹿啊鹿啊:我又不认识
2915491895,[吐][吐][吐][吐][吐][吐][吐][吐][吐][吐][吐]
2915491895,回复@Cherry-wa:我们概率论明天上。now线性代数ing〜
2915491895,胸矮五厘米吗
2915491895, //@VV良家族-桃夭: [赞]
2915491895,回复@良良良我是张张张:我昨天到的！
2915491895,[呵呵]
2915491895,回复@西风慕雪:偷窃还是抢劫？这可不一样啊！
2915491895,回复@小叭要去看男神演唱会CCCCCCC:你烦死了。我很着急啊！不算学分！！！！
2915491895,回复@良良良我是张张张:[挖鼻屎]要你不喊我
2915491895,你在徐州呢啊
2915491895,回复@啊鹿啊鹿啊:？
2915491895,回复@Cherry-wa:人笨不怪天[泪][泪][泪][泪][泪][泪]
2915491895,回复@良良良我是张张张:我今天没开学啊你不告诉我嘛
2915491895,回复@开启刷屏模式的徐起伏:怕打扰他们睡觉
2915491895,回复@开启刷屏模式的徐起伏:老子好饿真的
2915491895,回复@良良良我是张张张:[挖鼻屎][挖鼻屎][挖鼻屎]
2915491895,哦
2915491895,[泪]谁说不能选以前上过的公选课了谁说了谁说了谁说了谁说了喂！
2915491895,回复@啊鹿啊鹿啊:原因呢
2915491895,回复@西风慕雪:[挖鼻屎]
2915491895,[哈哈][哈哈]
2915491895,抱抱  我被偷过很多东西了[泪]
2915491895,回复@Cherry-wa:好吧  周三一节体育课
2915491895,回复@开启刷屏模式的徐起伏:[泪][泪][泪][泪][泪][泪][泪]饿
2915491895,回复@啊鹿啊鹿啊:我现在选了以前选过的。不算学分。我怎么办。
2915491895,哈哈哈哈哈防狼小背心必备神器 //@念忘之间1130:爱豆 #钟汉良# //@橙橙是良家人: [偷笑]男神下次别打底//@某年某月某一天某柚柚: 我哇[亲亲]
2915491895,回复@开启刷屏模式的徐起伏:小老鼠好饿QAQ还是好饿
2915491895,回复@小叭要去看男神演唱会CCCCCCC:[鄙视][鄙视][鄙视][鄙视][挖鼻屎][挖鼻屎][挖鼻屎][挖鼻屎][鄙视][鄙视][鄙视][挖鼻屎][挖鼻屎][挖鼻屎][挖鼻屎][挖鼻屎][挖鼻屎][挖鼻屎][鄙视][鄙视][鄙视][鄙视][鄙视][鄙视]
2915491895,我很理解你想我。也理解基友面基的迫切性。可是为什么要在晚自习下去跑步。有想过我们这种宿舍不能洗澡的么。有想过我这种学霸听了一晚上的马原很累么。有想过我是个胖子不宜多运动么。苦恼脸………………@Cherry-wa 
2915491895,回复@英--懒-:马克思呀
2915491895,[心]
2915491895,哈哈哈哈哈wallace是华莱士 才是真理 //@VV良家初盼兮CCCCCCC:原来真相在这里！[哈哈]//@W良家族老妹:[哈哈]//@VV良家族小芦子://@冬去春又来ZHL: [笑哈哈]//@最美的时光amei: //@一张小椅子:回复@金山词霸:#小太阳钟汉良# [哈哈]金山词霸[哈哈] 是良民哈哈哈哈 //@金山词霸:[嘘]小词的秘密身份是良民~
2915491895,回复@良拌菜哇VV:对呀  你今晚跟碟子面基么
2915491895,多的是我不知道的事。最近心情还略奇怪。 //@艾略特4_25:按赞！最近心境//@鹏儿Cooper:多是自己不知道的事
2915491895,回复@良拌菜哇VV:[挖鼻屎][挖鼻屎][挖鼻屎][挖鼻屎]
2915491895,@开启刷屏模式的徐起伏 
2915491895,回复@熊猫范儿的蓝沁:不是我们群的小c哦
2915491895,回复@英--懒-:你猜我多重
2915491895,回复@英--懒-:你猜身高体重   而且我骨头很小
2915491895,@开启刷屏模式的徐起伏 看图看评论 神清气爽一整夜 http://t.cn/zQF3tFf
2915491895,回复@小叭要去看男神演唱会CCCCCCC:嗯哪。重选
2915491895, @小叭要去看男神演唱会CCCCCCC 你这个id更加难找  以前我打159你就出来了，现在很烦哎。。。泥侃侃，我跟我一个学校的LM面基哦。听说你跟@良拌菜哇VV 还没面基成功哦？！
2915491895,@开启刷屏模式的徐起伏 
2915491895,[哈哈]
2915491895,[失望]心情好差  基友来聊聊
2915491895,回复@小叭要去看男神演唱会CCCCCCC:擦   煽情呢 专业点
2915491895,回复@小叭要去看男神演唱会CCCCCCC:对啊 一整个月！
2915491895,一个月前我正在里面等开场[失望]有一天响起了
2915491895,大妈来看胖兰  我只说一句 跟后段造型相比 前面真是干干净净清清爽爽啊！@W弯果果  //@缥缈乱:好美的调色啊~~//@酒墨紫: 好感动啊[求关注]以前怎么不觉得高长恭揭开面具那刻是这么美？[偷乐][偷乐]
2915491895,卧槽  可是我是他一生黑啊  不要圈我
2915491895,回复@若良萧1121:[哈哈]跟我们学校的lm面基。这也就算了。她把方式定为跑步[泪][泪][泪]
2915491895,回复@若良萧1121:[思考]时光接璀璨。天龙接时光。十月是开年大戏。。。。瓦擦，要是这么一算真的好棒
2915491895,最爱的视频马下来//@良家族VV燕子爱小哇:提意见么//@一触即发慕离柒://@wlzhlfe: //@在爱中升华: 转发微博
2915491895,[挖鼻屎]脑残粉
2915491895,再说十月档不是我大天龙么 //@QFmissKA: 切，不放我就不信 //@嫁不了四少娶得了惜朝: 不会把 真的！！！！！！！！！！！！！！！！！！！！！！！！！！！！！！！！！！！！！！！！！！！！！！！！！！！！！！！！！！！！！！！！！！//@VV钟月月月月月: 围观十有八九 //@钟情0111:
2915491895,哈哈，因为领导英明，信仰靠谱，组织给力，亲友团强大呀。//@小太阳-沫沫:[赞]//@水猪1130: 莫名其妙就上榜了。
2915491895,明天下。博主不要删呐
2915491895,哈哈哈哈哈哈哈哈哈别跟你妈客气
2915491895,切，不放我就不信 //@嫁不了四少娶得了惜朝: 不会把 真的！！！！！！！！！！！！！！！！！！！！！！！！！！！！！！！！！！！！！！！！！！！！！！！！！！！！！！！！！！！！！！！！！！//@VV钟月月月月月: 围观十有八九 //@钟情0111: 表示围观一下//@影视剧聚圈: 这部剧十有
2915491895,回复@KAI柯:[哼][哼][哼][哼]
2915491895,听不了。。。
2915491895,回复@舞动心灵哇:还没开始多久呢吧，就看马桶截多少集了
2915491895,👏
2915491895,回复@蓝妃___蓝之颜:可以听到！！！！谢谢么么哒！
2915491895,ii g
2915491895,#小太阳钟汉良#之所以爱他是因为他是他。毫无缘由的吸引，无法控制的追逐。一月不见似乎情淡，但哪怕这时一张照片一段话也叫人无比疯狂。还没有对谁有过这种感觉呢。。。之前没有转是因为午睡我会说嘛，一醒就被刷屏啦。小策策要看到后来的人啊[委屈][委屈][委屈][委屈]@华策影视
2915491895,#小太阳钟汉良#给了我很多动力很多正能量。遇到挫折难关，咬咬牙想到他温暖的笑，不由得感觉身边的逆境似乎没有那么糟糕。信仰不外如斯啊。就是黑暗中的光明，心中的力量。[心][心][心][心][心][心][心][心][心][心][心][心][心]先到先得什么的实在怨念啊，又没什么rp纯粹来陪跑的么。[委屈]@华策影视 
2915491895,回复@小叭要去看男神演唱会CCCCCCC:对呀。。。。老子午觉一醒吓尿了好么。什么时候的活动都不知道就被刷屏了。
2915491895,回复@小叭要去看男神演唱会CCCCCCC:[挖鼻屎]
2915491895,狼来了[抓狂]
2915491895,@开启刷屏模式的徐起伏 
2915491895,d@开启刷屏模式的徐起伏 
2915491895,你中秋来找我吧或者一起去面圣[做鬼脸]
2915491895,回复@啊鹿啊鹿啊:钠尼
2915491895,回复@啊鹿啊鹿啊:恐怖的一笔。但是老子评的不是你这条微博吧
2915491895,今天啦
2915491895,喂，地址是现在就发还是抽到再发啊
2915491895,突然就看到了先到先得四个字。良民那么凶残啊喂等我看到已经是现在这个局面了。还有啊为什么我不可以私信啊[泪][泪][泪]感觉被抛弃了，小策策，这是天意么。哎呀忘了说原因了，天地这么大。能喜欢他就是缘分了。既然缘分到了，还要说什么原因吗？！[做鬼脸]#小太阳钟汉良#@华策影视
2915491895,突然就看到了先到先得四个字。良民那么凶残啊喂等我看到已经是现在这个局面了。还有啊为什么我不可以私信啊[泪][泪][泪]感觉被抛弃了，小策策，这是天意么。哎呀忘了说原因了，天地这么大。能喜欢他就是缘分了。既然缘分到了，还要说什么原因吗？！[做鬼脸]#小太阳钟汉良#@华策影视
2915491895,回复@小叭要去看男神演唱会CCCCCCC:怎么咯
2915491895,信呀。第一节线代课，线代老师讲了一个半小时废话
2915491895,噗。你忘了僵尸粉
2915491895,[做鬼脸]19号开抢。到时候相互提醒
2915491895,回复@sharon筱茜:你能私信么。。。我私信不了哎
2915491895,#小太阳钟汉良#之所以爱他是因为他是他。毫无缘由的吸引，无法控制的追逐。一月不见似乎情淡，但哪怕这时一张照片一段话也叫人无比疯狂。还没有对谁有过这种感觉呢。。。之前没有转是因为午睡我会说嘛，一醒就被刷屏啦。小策策要看到后来的人啊[委屈][委屈][委屈][委屈]@华策影视
2915491895,回复@小叭要去看男神演唱会CCCCCCC:哇擦我私不了
2915491895,葡萄！！求签名章子！
2915491895,回复@嗷葡萄vvccccccc:瓦擦你好专业啊我受不了了
2915491895,靠
2915491895,这么励志的陆帅被空降部队抢饭碗抢妹子真不科学 //@VV良家初盼兮CCCCCCC:粒粒橙[泪][泪][泪]帅哭加虐哭的心情啊！！！//@梅西西Leo:励志的陆boss~[呵呵]//@蓝妃___蓝之颜: 配图真好看[偷笑]
2915491895,回复@小叭要去看男神演唱会CCCCCCC:有啊。纯粹来玩玩罢了。。。玩这种东西看自己酸文字自己都看不下去
2915491895,回复@啊鹿啊鹿啊:草 滚犊子
2915491895,好棒！
2915491895,回复@啊鹿啊鹿啊:呐
2915491895,回复@sharon筱茜:我不能发啊啊啊啊啊啊啊啊
2915491895,#做良民有福利# #小太阳钟汉良# [爱你]情不知所起，一往而深。爱他不需要什么理由。小策策你说我都从803吃素到现在了，该有点福利了咩？！[偷笑][偷笑][偷笑]@华策影视 
2915491895,#做良民有福利# #小太阳钟汉良# [爱你]情不知所起，一往而深。爱他不需要什么理由。小策策你说我都从803吃素到现在了，该有点福利了咩？！[偷笑][偷笑][偷笑]@华策影视 
2915491895,回复@小叭要去看男神演唱会CCCCCCC:hhhhhhhhhhhhh我本来是不屑的。我一般不参与转发活动不知道你发现没有，后来发现很多人在刷。我就刷了
2915491895,无压力啊 //@乳不贫何以平天下: 卧槽。。。//@机智坡上的啊平:我靠 //@铮啾啾:很简单的啊//@鱼方己:无压力。。。//@我的纸飞机碎了:hhhhhhhhhhh //@熊瑤-BaKa: ？？？！！！//@助手线:人干事!?? //@MiKan滚滚橙喵:右边真…厉害//@阿吗勒个咪
2915491895,八月初一。。。。。。。。。。。。。。。。。。。。。。。。。。。。。。。。。。 我在这里:http://t.cn/z8Mqy8u
2915491895,#小太阳钟汉良#给了我很多动力很多正能量。遇到挫折难关，咬咬牙想到他温暖的笑，不由得感觉身边的逆境似乎没有那么糟糕。信仰不外如斯啊。就是黑暗中的光明，心中的力量。[心][心][心][心][心][心][心][心][心][心][心][心][心]先到先得什么的实在怨念啊，又没什么rp纯粹来陪跑的么。[委屈]@华策影视 
2915491895,回复@小叭要去看男神演唱会CCCCCCC:好了
2915491895,回复@嗷葡萄vvccccccc:啊啊啊啊啊求章子。一瞬间不淡定了
2915491895,回复@小叭要去看男神演唱会CCCCCCC:啥？
2915491895,回复@啊鹿啊鹿啊:[害羞]
2915491895,回复@嗷葡萄vvccccccc:我好爱！！！！！！！
2915491895,嗯对
2915491895,回复@啊鹿啊鹿啊:[挖鼻屎]那时候你还没生呢
2915491895,回复@KAI柯:[挖鼻屎]赵俊
2915491895,回复@KAI柯:[挖鼻屎]我私信你照片你看看认不认识
2915491895,回复@KAI柯:认识么
2915491895,嗯
2915491895,回复@KAI柯:酸屁。都没点破罢了。。。[挖鼻屎]由成不了
2915491895,回复@KAI柯:快说你放不下谁
2915491895,回复@KAI柯:[挖鼻屎]别来恶心老子好么。
2915491895,[爱你][爱你]好好享受你的大学吧
2915491895,回复@黎黎Sunny:哈哈 不给压力  尽力就好 [泪]总比我们看不到要好
2915491895,嗯
2915491895,回复@小叭要去看男神演唱会CCCCCCC:卧槽你在跟我得瑟？！我就笑笑
2915491895,回复@啊鹿啊鹿啊:遭受什么打击了？我感觉你这些天情感上起伏还蛮大的，一直没遇到也没问问你。聊聊么、
2915491895,#小太阳钟汉良# 这个必须马下来。明天我就去下！！！！
2915491895,@开启刷屏模式的徐起伏 [泪] //@VV良家族-桃夭: 戳泪！每一个生命都需要关爱//@翊哇哇-W良家族: [泪]//@可可FEI: [泪]//@___大帅子怒扑堺囧人: PON酱叼着向日葵的那张太泪目Q^Q//@猫作为混日子君要做一个TARDIS: 嘤//@后妈桑:QAQ//@booooookmark: 
2915491895,回复@啊鹿啊鹿啊:好的吧。明天我打给你。详细聊聊好吗
2915491895,回复@KAI柯:有毛
2915491895,回复@KAI柯:你说。我就知道那么一个。不是我也猜不到
2915491895,回复@KAI柯:[挖鼻屎]我眼光这么独特么
2915491895,怒排
2915491895,#钟汉良#[心][心][心]
2915491895,@若良萧1121 @W弯果果 @良拌菜哇VV @小叭要去看男神演唱会CCCCCCC 好东西圈基友留爪。主要目的求青葱哇打包[亲亲][亲亲][亲亲][亲亲][亲亲][亲亲][亲亲][亲亲][亲亲][亲亲]
2915491895,回复@啊鹿啊鹿啊:早上我满课没功夫打给你。操蛋老子要报复社会，一大早七点钟打给你吧吵醒你
2915491895,回复@VV良家族-桃夭:[亲亲][亲亲]好好好。新硬盘还空着很多 现在跟疯了似的想收集[偷笑]
2915491895, @良拌菜哇VV @小叭要去看男神演唱会CCCCCCC @W弯果果 不是正版 但是应该有那双鞋  买来穿着玩吧
2915491895,回复@黎黎Sunny:[哈哈]大后方等你[爱你][爱你][爱你][爱你][爱你]
2915491895,快够了！！！！没几天就放弃了！！！！！
2915491895,回复@VV良家初盼兮CCCCCCC:我有了1100张的打包。要共享吗
2915491895,回复@啊鹿啊鹿啊:你怎么了喂
2915491895,回复@若良萧1121:我突然看到这个特别想要收集[害羞]我新硬盘里没什么资源。疯狂想充实呢[做鬼脸]
2915491895,我去！这么好的资源隐藏在右边我没有把握住！没有爱特没有求！[偷笑]下次知道找谁啦！[爱你][爱你][爱你] 先谢过了，谢谢谢谢谢谢谢！[做鬼脸]//@VV良家族-桃夭: 右边，我有很多很多，只是还未打包，打了包艾特你啊//@QFmissKA: #钟汉良# 有没有青葱哇的打包？我想收集啦[害羞][害羞][害羞]
2915491895,回复@啊鹿啊鹿啊:还没[挖鼻屎]
2915491895,回复@若良萧1121:[哈哈][哈哈]
2915491895,回复@夕凉惜良VV:[鼓掌][鼓掌]加油加油！肯定很多小伙伴，去勾搭！不要怕！勇敢的为了翡翠冲啊！！！
2915491895,回复@KAI柯:[挖鼻屎]不能。。。。差点就老死不相往来了，是我自己作。我自己放不下哎
2915491895,回复@KAI柯:卧槽你放不下谁啊
2915491895,回复@KAI柯:不告诉你近了么。泥再猜一个就到了。。。
2915491895,回复@VV良家初盼兮CCCCCCC:[阴险][阴险][阴险][阴险]交粗不杀
2915491895,回复@sharon筱茜:哈哈哈哈哈哈对呀你根本没去
2915491895,回复@KAI柯:[挖鼻屎]交换秘密
2915491895, @Cherry-wa 去车墩看到了吧
2915491895,滚！！！！！！！！
2915491895,你在哪上的大学来着？！
2915491895,#钟汉良#[心][心][心]
2915491895,hhhhhhhhhhhhhhhhhh不由想起@小叭要去看男神演唱会CCCCCCC 。听说你们今天面基很快乐？喊大家来嘲笑你@良拌菜哇VV @初慕纳良人 @熊猫范儿的蓝沁 @W弯果果 
2915491895,回复@小叭要去看男神演唱会CCCCCCC:hhhhhhhhhhhhhhh
2915491895,回复@小叭要去看男神演唱会CCCCCCC:[挖鼻屎]去哪玩啊
2915491895,哎哟你在哪呢
2915491895,回复@KAI柯:[挖鼻屎]初恋
2915491895,回复@KAI柯:不要提华健赖。那个时候高一鬼迷心窍才喜欢他。后来他变得神经兮兮你又不是不知道。。。。[抓狂]老子煎熬了两年啊喂
2915491895,回复@KAI柯:卧槽真是小胖子啊！妈担你没骗我啊。。。。。。。八卦之心人皆有之，不分性别，哈哈哈
2915491895,发打包[害羞][害羞][害羞][害羞]
2915491895,简直心动 //@英--懒-:赶紧爬过来了！[笑哈哈] @草莓上的绿叶 @QFmissKA @姓傅 @若良萧1121
2915491895,[挖鼻屎]@陆励成 @马桶台 @小作坊 【[抓狂][抓狂][抓狂][抓狂][抓狂][抓狂][抓狂][抓狂][抓狂]二级来临，自由没了！周末都要加课】【概率论书上还有这么好的例题简直可怕😱】
2915491895,我參加了#凍齡偶像票選#每人每天都有一次的投票機會，@夢想家林志穎 @孫耀威 @蘇有朋 @陳曉東 @吳奇隆TD @鍾漢良 @任賢齊 @何家勁kennyho 投票猛戳：http://t.cn/z8JExpt
2915491895,回复@若良萧1121:你要平复心情啊。福利也好，酸黑侵袭也好，掐架也好。都要平常心。。。。要是小哇知道你听到可以见他就病了啥心情[哼]
2915491895,hhhhhhh他电话在我手上啊
2915491895,你要去哦。带第一手资料和白菜啊啊啊啊啊
2915491895,回复@KAI柯:滚犊子！
2915491895,回复@KAI柯:[挖鼻屎]干嘛
2915491895,回复@KAI柯:你认识。
2915491895,@开启刷屏模式的徐起伏 不科学，我跟我男神相互推倒
2915491895,回复@啊鹿啊鹿啊:快
2915491895,跟播…………
2915491895,回复@良拌菜哇VV:好想去[泪][泪][泪][泪][泪][泪]太远了
2915491895,回复@嫁不了四少娶得了惜朝:我在江苏呀
2915491895,你没有。
2915491895,回复@啊鹿啊鹿啊:嗯
2915491895,回复@啊鹿啊鹿啊:擦。十二点半。我在学校。你觉得能吗
2915491895,回复@KAI柯:[挖鼻屎]应该能猜到，资料都没写生日是哪天。故意的吧哈哈哈哈哈哈哈
2915491895,回复@KAI柯:谁骗你了。老子骗你一辈子见不到男神！！！！！我只是好奇啊真的是小胖子啊
2915491895,[挖鼻屎]@陆励成 @马桶台 @小作坊 【[抓狂][抓狂][抓狂][抓狂][抓狂][抓狂][抓狂][抓狂][抓狂]二级来临，自由没了！周末都要加课】【概率论书上还有这么好的例题简直可怕😱】
2915491895,去么
2915491895,比如说你偷偷的知道了你喜欢的人的微博，在她生日的时候跟她说生日快乐。她说：「谢谢」和「谢谢，对了还不知道你是谁哈」这两句话是表明不一样的发展么？！[疑问]
2915491895,我去！这么好的资源隐藏在右边我没有把握住！没有爱特没有求！[偷笑]下次知道找谁啦！[爱你][爱你][爱你] 先谢过了，谢谢谢谢谢谢谢！[做鬼脸]//@VV良家族-桃夭: 右边，我有很多很多，只是还未打包，打了包艾特你啊//@QFmissKA: #钟汉良# 有没有青葱哇的打包？我想收集啦[害羞][害羞][害羞]
2915491895,[酷]大天龙是要出来了么 这几天华策这么活跃
2915491895,大致看了一下，不过可能我太小了很多事不知道。[挖鼻屎]所以不知道是不是真的这么悬。@开启刷屏模式的徐起伏 @小叭要去看男神演唱会CCCCCCC //@乳不贫何以平天下://@反受为攻的阿下: 细思极恐ヽ(ｏ`皿′ｏ)ﾉ
2915491895,安心养病。正当理由去不了北京也就不用纠结了[汗]
2915491895,回复@小叭要去看男神演唱会CCCCCCC:这有什么好得瑟的？我明天放假哎
2915491895,@开启刷屏模式的徐起伏 罗圈那个恶心死了
2915491895,回复@啊鹿啊鹿啊:老子不屑知道
2915491895,回复@VV良家初盼兮CCCCCCC:[亲亲][亲亲]
2915491895,嗯。我来问你一件事。
2915491895,回复@啊鹿啊鹿啊:滚犊子
2915491895,#钟汉良# 有没有青葱哇的打包？我想收集啦[害羞][害羞][害羞][害羞]求@若良萧1121 @良拌菜哇VV @小叭要去看男神演唱会CCCCCCC @小太阳-沫沫 @W弯果果 @VV良家初盼兮CCCCCCC @嗷葡萄vvccccccc @舞动心灵哇 @紫玉柠檬 @英--懒- @8反方向的钟8 把基友都炸出来[偷笑]
2915491895,对呀
2915491895,回复@KAI柯:[挖鼻屎]近了。。。。。交换秘密快点。
2915491895,回复@KAI柯:刘雅莉跟周颖[挖鼻屎][挖鼻屎][挖鼻屎]
2915491895,高铁[哈哈]
3084967487,嘛啦嘛啦  怎么开学都要给我惊喜[爱你]
3084967487,回复@杨元媛觉得彭璐是二货:好的  么么哒
3084967487,回复@杨元媛觉得彭璐是二货:你觉得我睡得着吗  嘿嘿
3084967487,穿着麻麻的睡衣 我要睡觉啦，呼呼……苦逼的日子越来越近了 我在:http://t.cn/z8t2KYW
3084967487,回复@蔡婧_sunny:这表情？
3084967487,回复@蔡婧_sunny:杨元
3084967487,蛮好看
3084967487,刚好十个[害羞]
3084967487,【新浪微博Android客户端4.0版全新发布】你有多久没旅行了？回味旅途点滴，一起来分享旅行中的风景、美食与自拍，完成任务还有大奖哦~快开启旅行模式，#带着微博去旅行#[飞机]！下载地址：http://t.cn/z8vxRTp
3084967487,回复@蔡婧_sunny:呼呼
3084967487,回复@二十四小时的爱情-:jazz在家这里
3084967487,回复@二十四小时的爱情-:嗯嗯  嘿嘿
1981104254,#遇见3.4# 这个城市里，我相信一定会有一个人，想着同样的事情，怀着相似的频率，站在寂寞的出口，等待与我的相遇。我在用遇见独有的约会场景聊天模式，期待和你，好约好见。http://t.cn/zj1wjjr
3520215637,#四核萤火虫A16#我先转了，希望赶上好运气。发挥点滴宣传力！不求能呼风唤雨起飞智，只求好运馅饼砸我头。[嘻嘻]  地址：http://t.cn/z8Ax7Nu
3520215637,#捕鱼达人2#我日积月累着，期盼RP爆发那一天早日到来，为此我每天勤奋的转发着，好运终究会到来的，对吧[给力]  地址：http://t.cn/z8L7eWJ
3520215637,#916粉丝节尼亚拉NYALA#好活动大力宣传！感谢小编不断将惊喜带给所有喜欢你的粉丝，祝小编开心每一天！希望微博活动人气直升越来越火。  地址：http://t.cn/z8AS4qw
3520215637,#转发疯抢云海人家高档茶具#想中奖吗？那你一定要来多多支持小编的工作啦!  地址：http://t.cn/z8Lqj9d
3520215637,祝小编薪水天天高涨，不怕通货膨胀.  地址：http://t.cn/z8wFvIT
3520215637,#五分钻石免费送#谢谢主办方的有奖转发，奖品很给力啊![给力]  地址：http://t.cn/z8wFG19
3520215637,[笑哈哈]参加活动的同时让我们一同分享快乐生活，期待好运气！2012我的好运来啦！非常感谢！我会努力的! 。[给力]  地址：http://t.cn/z8wkMiP
3520215637,#ChinaFriendly华人礼遇#期待哦！希望幸运之神眷顾我，来个大奖！大大滴！  地址：http://t.cn/z8wnVHo
3520215637,WOW~大家一起来转吧~好运节节高 。  地址：http://t.cn/z8A4uMm
3520215637,好活动大力宣传！感谢小编不断将惊喜带给所有喜欢你的粉丝，祝小编开心每一天！希望微博活动人气直升越来越火。  地址：http://t.cn/z82TEzR
3520215637,#显卡免费升舱转就送#期待哦！希望幸运之神眷顾我，来个大奖！大大滴！  地址：http://t.cn/z8Aoz4N
3520215637,#离不开中心就住欧洲城#我全身心的来转发支持啦，希望好运垂怜我，让我中个吧，太期待了  地址：http://t.cn/z82HuTy
3520215637,#国金活动#大力支持，希望好运垂怜我，让我中个吧，太期待了。  地址：http://t.cn/z8wmh5O
3520215637,#有奖转发#很棒的活动，奖品我很喜欢，感谢小编为粉丝们争取这么好的活动，期待可以收获一份惊喜！  地址：http://t.cn/z8w1WHy
3520215637,你是上司的人，上司却不一定是你的人。当一个上司对你说，你是他的人时，心里一定要清楚，上司并不是你的人。你是他的，他是他自己的。当你的事情与上司的利益有冲突时，他们会毫不犹豫的出卖你。无论何时都要记住，你是你自己的，只有你才能对自己负责。别相信上司故作亲近的话，随时会是陷阱
3520215637,#长安福特翼搏官方微博1周岁#[笑哈哈]参加活动的同时让我们一同分享快乐生活，期待好运气！2012我的好运来啦！非常感谢！我会努力的! 。[给力]  地址：http://t.cn/z8wd2uI
3520215637,#苏宁礼品卡#[耶]支持你们举行好活动转走了！  地址：http://t.cn/z8w1j4g
3520215637,#开学#[耶]我是一个知足常乐的人，我期待着生活中的小惊喜[嘻嘻]  地址：http://t.cn/z8wnBFL
3520215637,#一方茶水中秋茶月饼限时抢购#感谢小编为我们奉献这么精彩的活动！[礼物]  地址：http://t.cn/z8Ab7oi
3520215637,#宁波浙华重型钢管#大家都来围观吧，给力奖品必须给力的来支持，好运来袭吧[礼物]  地址：http://t.cn/z8AbiLU
3520215637,#关注就成会天天好礼送#很棒的活动，奖品我很喜欢，感谢小编为粉丝们争取这么好的活动，期待可以收获一份惊喜！  地址：http://t.cn/z8AhPgp
3520215637,#爱家达人的幸福秘籍#期待哦！希望幸运之神眷顾我，来个大奖！大大滴！  地址：http://t.cn/z8wBP9M
3520215637,谢谢主办方的有奖转发，奖品很给力啊![给力]  地址：http://t.cn/z8AteoP
3520215637,老子喜欢你的时候你吃屎我都觉得你可爱。老子不喜欢你的时候你吃饭我都觉得你在吃屎。。。
3520215637,【天生好命不怕厄运的星座top5】冠军（射手座）、亚军（金牛座）、季军（天秤座）、第四名（双鱼座)、第五名（天蝎座）
3520215637,#周二有约第五期#我来支持，快让我爆发吧，我会认真写获奖心得的，拍漂亮的照片来秀[礼物]  地址：http://t.cn/z8wuMdq
3520215637,#爱我就泡泡我#瞧一瞧看一看，快来与淡定点手牵手，一起把好运全抢走！  地址：http://t.cn/z8wFNGE
3520215637,事业是国家的，荣誉是单位的，成绩是的，工资是老婆的，财产是孩子的，错误是自己的。这世上最累的事情，莫过于眼睁睁看着自己的心碎了，还得自己动手把它粘起来。偶尔幽生活一默你会觉得很爽，但生活幽你一默就惨了……
3520215637,#开学倒计时#用一颗平常心来对待每一个活动，以一份真诚来打动小编的内心。或许我不是最幸运的那个粉丝，但我一定是最用心的哦！在此祝福小编工作顺利，我会一直支持你们的活动的~！  地址：http://t.cn/z8wFHl1
3520215637,播种一份期待，收获一份喜悦。能够参加这么给力的活动真的很激动，转发的时候是期待的，期待的过程是幸福的，幸福的瞬间是收获的时候。  地址：http://t.cn/z8AaQaR
3520215637,#2013年醒狮杯创新设计大赛转发有奖#奖品有限，情谊无限，学会感恩，祝福小编还有粉丝们冬天有颗热忱的心，开心度过每一天[嘻嘻]  地址：http://t.cn/z8AxmcR
3520215637,祝小编天天开心，也祝贵博粉丝多到爆，越来越红火，感谢小编不断将惊喜带给大家，虔诚许愿，期待一份美好，希望微博人气越来越高！  地址：http://t.cn/z8AGa4o
3520215637,好运降临吧——为此我斋戒三日，一定积极晒奖品，眷顾我吧  地址：http://t.cn/z8AXzl8
3520215637,#换季眼部护理好礼#WOW~大家一起来转吧~好运节节高 。  地址：http://t.cn/z8Ao6BG
3520215637,女人八想：一想上网免费；二想年轻十岁；三想上班不累；四想帅哥排队；五想无所不会；六想海吃不肥；七想衣服不贵；八想红杏出墙无罪! 女人的悲哀：生命是厨房的；收入是商场的；奖金是化妆品的；财产是没有的；成绩是上司的；身体是男人的；只有雀斑和皱纹是自己的。
3520215637,#即尚网有奖转发#不知道我会不会是你们奖品的新主人呢，我都准备好获奖感言了呢  地址：http://t.cn/z8Ah7O9
3520215637,#转发赢拍立得#好活动一定要珍惜，人生最珍贵的不是“得不到”和“已失去”而是现在能把握的幸福！平淡是真。[给力]  地址：http://t.cn/z8wrQoa
3520215637,#点击消费#瞧一瞧看一看，快来与淡定点手牵手，一起把好运全抢走！  地址：http://t.cn/z8AcVJu
3520215637,#美白A计划#祝小编天天开心，也祝贵博粉丝多到爆，越来越红火，感谢小编不断将惊喜带给大家，虔诚许愿，期待一份美好，希望微博人气越来越高！  地址：http://t.cn/z8AyUHm
3520215637,#第九届中国国际奢侈品展览会海口隆重举行#[bofu啃西瓜]把欢笑评论到你的微博，愿你每一天都淀放笑脸。。  地址：http://t.cn/z8AGacd
3520215637,#转发百诺肯广告语赢双重好礼#感谢岁月让一只友谊的船，让我们找到了落帆的愿望，感谢小编微博的活动，让我找到了互动交友的家园；[给力]  地址：http://t.cn/z8A4eo9
3520215637,#征集段子啦#有一种目光叫关注，有一种参与叫转发，有一种支持叫爱![给力]  地址：http://t.cn/z8wFEt7
3520215637,#骆驼品牌团低至199转发赢豪礼骆驼鞋#播种一份期待，收获一份喜悦。能够参加这么给力的活动真的很激动，转发的时候是期待的，期待的过程是幸福的，幸福的瞬间是收获的时候。  地址：http://t.cn/z8wdLvD
3520215637,#有奖转发#你们的工作特别辛苦，谢谢你们。  地址：http://t.cn/z8wFnZd
3520215637,[耶]拼人品的时刻到了  地址：http://t.cn/z8AbSIm
3520215637,#9月我来了#[bofu啃西瓜]转一转，相信会有好运被我转出来的！！！  地址：http://t.cn/z8ASfIk
3520215637,童鞋们给力起来吧一起来参加，好活动，齐参与~~~~~~~~~~  地址：http://t.cn/z8Aa1ky
3520215637,小编如此给力，我也要给力！！！  地址：http://t.cn/z8Aa0vu
3520215637,#央八l妈妈的花样年华#好活动大力宣传！感谢小编不断将惊喜带给所有喜欢你的粉丝，祝小编开心每一天！希望微博活动人气直升越来越火。  地址：http://t.cn/z8wkx48
3520215637,#参与活动赢取大奖#时刻关注你们的活动 始终是你们的忠实粉丝 祝愿你们每天开心快乐!  地址：http://t.cn/z82HgFy
3520215637,#有奖转发转发赢取乐扣玻璃套盒1套#感谢小编为我们奉献这么精彩的活动！[礼物]  地址：http://t.cn/z8A4E8W
3520215637,#95013云号送iPadmini#[笑哈哈]大力支持来了，希望好运，希望我能够等到博主的青睐，能够得到这份礼物，我会感恩滴。[给力]  地址：http://t.cn/z8wBznc
3520215637,【茄子炒饭】料：茄子一个、瘦肉、米饭、姜、蒜、葱、蚝油、淀粉、鸡精、剁辣椒。1、瘦肉剁成肉末，加少许淀粉拌；茄子切成小丁，姜与蒜切末，葱切花；2、热锅放油下肉末炒后舀出；3、锅加油下茄丁煸炒至软； 4、放先前炒好肉、蚝油、盐、鸡精、剁椒，炒匀；5、放米饭，充分炒均；下葱花炒OK。
3520215637,我在这里许个愿，愿你们的粉丝越来越多，愿自己可以中奖。  地址：http://t.cn/z8y6ZZT
3520215637,[bofu啃西瓜]转一转，相信会有好运被我转出来的！！！  地址：http://t.cn/z8UMtI9
3520215637,你们的工作特别辛苦，谢谢你们。  地址：http://t.cn/z8y6FWj
3520215637,你们家是不是也这样？（图转）
3520215637,甜蜜蜜，好活动一定要多多宣传！感谢小编不断de将惊喜带给粉丝，希望微博越来越火。  地址：http://t.cn/z8U5ncD
3520215637,转发给好友，宣传你们的好活动，让小编保佑我中次奖吧[给力]  地址：http://t.cn/z8y6Wxc
3520215637,#桃花急救包#我日积月累着，期盼RP爆发那一天早日到来，为此我每天勤奋的转发着，好运终究会到来的，对吧[给力]  地址：http://t.cn/z8y9tOR
3520215637,#32G版本里奥n003将来转发赢霸道n003高配版1台#[笑哈哈]坚持抽奖 我肯定会中的 相信老天是公平的。  地址：http://t.cn/z82mGPv
3520215637,#悠品网有奖活动#时刻关注你们的活动 始终是你们的忠实粉丝 祝愿你们每天开心快乐!  地址：http://t.cn/z8L7T81
3520215637,#金秋致青春与云狐一起点燃激情#感谢小编为我们奉献这么精彩的活动！[礼物]  地址：http://t.cn/z8yioDT
3520215637,#转发赢安卓游戏手柄#播种一份期待，收获一份喜悦。能够参加这么给力的活动真的很激动，转发的时候是期待的，期待的过程是幸福的，幸福的瞬间是收获的时候。  地址：http://t.cn/z823O8H
3520215637,突然想到了爱情。我们每个人都在不停地寻觅着，有过梦想、有过失望，有过苦心的经营、有过默默的等待。而每一段恋情都如同温室中的花朵，需要悉心的照顾与维护。
3520215637,一定要HOLD住！一起来抢啊!  地址：http://t.cn/z8UU08Z
3520215637,【健康提醒】专家称方便面牛肉味调味包普遍含牛肉膏：牛肉膏事件引起了社会广泛关注，广东省系统食品质量安全专家组首席专家、华南农业大学食品学院的陈永泉教授表示，牛肉膏在方便面中的牛肉味调味包里普遍存在。专家称配料包就是调配出来的…
3520215637,感谢小编为我们奉献这么精彩的活动！[礼物]  地址：http://t.cn/z82lQHO
3520215637,#百脑汇惠员日#感谢小编不断将惊喜带给所有喜欢你的粉丝，祝小编开心每一天！希望微博活动人气直升越来越火。  地址：http://t.cn/z828Uk6
3520215637,用一颗平常心来对待每一个活动，以一份真诚来打动小编的内心。或许我不是最幸运的那个粉丝，但我一定是最用心的哦！在此祝福小编工作顺利，我会一直支持你们的活动的~！  地址：http://t.cn/z8yJlOQ
3520215637,童鞋们快来哦，迟了就没有！  地址：http://t.cn/z82YnRA
3520215637,#94备货节#不知道谁有这个好运气呀，幸运女神降临我家吧，我开门迎接啦  地址：http://t.cn/z84a0FX
3520215637,#华硕PadFone甜蜜3小时#没有失败只有暂时没有成功。  地址：http://t.cn/z8ySv8v
3520215637,#沙龙私享家#期待哦！希望幸运之神眷顾我，来个大奖！大大滴！  地址：http://t.cn/z8y3kY3
3520215637,#大秦帝国之纵横#积极的转发评论，帮助小编吸引更多的粉丝，虽然我粉丝不多，但是我也很努力呢  地址：http://t.cn/z8L7aLx
3520215637,#广百网购蜕变纪# 活动很给力，大家一起来分享 希望大家都能开心的过每一天.[礼物]  地址：http://t.cn/z82jjwU
3520215637,努力去抓住机遇，幸运就会降临！不论收获多少，期待拥有温馨而甜蜜的一天！期待好运降临！  地址：http://t.cn/z828YfI
3520215637,新时代牛人新标准：1、贪一辈子没人敢告的；2、吃一辈子没买过单的； 3、玩一辈子没栽过跟头的；4、赌一辈子没输过的；5、狂一辈子没有人敢惹的；6、闲了一辈子照样能升官的；
3520215637,想中奖吗？那你一定要来多多支持小编的工作啦!  地址：http://t.cn/z8288dq
3520215637,很棒的活动，奖品我很喜欢，感谢小编为粉丝们争取这么好的活动，期待可以收获一份惊喜！  地址：http://t.cn/z82gXF4
3520215637,强烈支持转发。转发此微博:期待~  地址：http://t.cn/z82jSvx
3520215637,用一颗平常心来对待每一个活动，以一份真诚来打动小编的内心。或许我不是最幸运的那个粉丝，但我一定是最用心的哦！在此祝福小编工作顺利，我会一直支持你们的活动的~！  地址：http://t.cn/z82QemQ
3520215637,#原汁原味话海尔#I will be strong enough to make you feel bad。 我会坚强到让你们心疼。  地址：http://t.cn/z8yXZCJ
3520215637,#有奖转发#积极的转发评论，帮助小编吸引更多的粉丝，虽然我粉丝不多，但是我也很努力呢  地址：http://t.cn/z8281ed
3520215637,[耶]拼人品的时刻到了  地址：http://t.cn/z82QKph
3520215637,#爱无线#小编如此给力，我也要给力！！！  地址：http://t.cn/z82TVqs
3520215637,一位程序员对书法十分感兴趣，退休后决定在这方面有所建树。于是花重金购买了上等的文房四宝。一日，饭后突生雅兴，一番磨墨拟纸，并点上了上好的檀香，颇有王羲之风范，又具颜真卿气势，定神片刻，泼墨挥毫郑重地写下一行字：hello world
3520215637,#郭晶晶生子#[耶]支持你们举行好活动转走了！  地址：http://t.cn/z82mJqN
3520215637,#达人卡一周年#有奖转发好活动大家一定要来参加哦，希望可以好运一次！[礼物]  地址：http://t.cn/z8L2IZJ
3520215637,【考试前先憋尿】荷兰Twente大学的Mirjam发现在做”选择题“时，膀胱越涨做出的答案会更准确。在实验中他找来自愿者，让他们在喝水后回答一些问题，结果是喝水多的小组做出的答案更加准确。当人憋尿憋到一定境界时，大脑就会高速运转，以快速解决面前的问题，好快点去撒尿。
3520215637,#青橙定制手机1949#瞧一瞧看一看，快来与淡定点手牵手，一起把好运全抢走！  地址：http://t.cn/z8y6QQc
3520215637,给力活动，用心支持，我们为您宣传，同时也感谢您的给力礼物，冲啊~~~  地址：http://t.cn/z8L7d4A
3520215637,猫咪超夸张的表情。它看见什么了...?
3520215637,#迷你手机等你拿#好口碑好服务好态度。老百姓信赖，身边最美的关怀，最美的祝福送给你们。[给力]  地址：http://t.cn/z8LLXcG
3520215637,#翠金湖美墅岛疯狂猜图有奖转发#[耶]支持你们举行好活动转走了！  地址：http://t.cn/z8y9XgJ
3520215637,#有奖转发#[bofu啃西瓜]不管中不中奖，我都来支持小编的工作，我们一起加油！！！  地址：http://t.cn/z82QME2
3520215637,#奔腾B50限时抢购惊喜到10月#支持精彩活动，赶紧奔走相告，大力宣传，期待小编的厚爱，期待好运气！  地址：http://t.cn/z8yD6Hz
3520215637,#天天网14周年#谢谢主办方的有奖转发，奖品很给力啊![给力]  地址：http://t.cn/z8LNCi7
3520215637,#开学季#支持你们哦！ 谢谢小编给我们带来这么好的礼物！希望微博人气越来越高 给你一些泡泡里面全是幸福。  地址：http://t.cn/z8yW0cg
3520215637,[笑哈哈]期待好运呀，哇哈，支持！！！给力活动支持  地址：http://t.cn/z8y96S4
3520215637,#迎开学季团购王送手机#童鞋们给力起来吧一起来参加，好活动，齐参与~~~~~~~~~~  地址：http://t.cn/z8LicDl
3520215637,#ipadmini有奖转发#好活动大力宣传！感谢小编不断将惊喜带给所有喜欢你的粉丝，祝小编开心每一天！希望微博活动人气直升越来越火。  地址：http://t.cn/z8LJ4XE
3520215637,#DLP深圳光博会2013#[bofu啃西瓜]把欢笑评论到你的微博，愿你每一天都淀放笑脸。。  地址：http://t.cn/z8LSREu
3520215637,好运降临吧——为此我斋戒三日，一定积极晒奖品，眷顾我吧  地址：http://t.cn/z8yihF3
3520215637,#有奖转发#[笑哈哈]大力支持来了，希望好运，希望我能够等到博主的青睐，能够得到这份礼物，我会感恩滴。[给力]  地址：http://t.cn/z8ySAmU
3520215637,#寻找有缘人#我在不停的转发，就让我奖中奖中奖吧，我好期盼能够得到哦，希望在博主这能好运连连  地址：http://t.cn/z8Uhaun
3520215637,#老师我有一句话想对您说#感谢岁月让一只友谊的船，让我们找到了落帆的愿望，感谢小编微博的活动，让我找到了互动交友的家园；[给力]  地址：http://t.cn/z8ynaMm
3520215637,大力支持，希望好运垂怜我，让我中个吧，太期待了[嘻嘻]  地址：http://t.cn/z8ynw8o
3520215637,#逛车展购新车摩尔送大礼#童鞋们快来哦，迟了就没有！  地址：http://t.cn/z84DXbZ
3520215637,[耶]期待RP爆发，就让我爆发一次吧  地址：http://t.cn/z8yDNkW
3520215637,回首成长起来的路，当初觉得惊天动地生不如死的事情 ，如今看起来，亦觉得它们不过是平淡无奇的人间常事。目睹自己的青春在时光中沦陷却束手无策，的确叫人心下凄然。
3520215637,#火龙哥豪礼相送#我先转了，希望赶上好运气。发挥点滴宣传力！不求能呼风唤雨起飞智，只求好运馅饼砸我头。[嘻嘻]  地址：http://t.cn/z8UAWTR
3520215637,#2013年苏宁彩电节#[耶]期待RP爆发，就让我爆发一次吧  地址：http://t.cn/z8UPMwo
3520215637,不知道谁有这个好运气呀，幸运女神降临我家吧，我开门迎接啦  地址：http://t.cn/z8UPDIk
3520215637,#灵将携手夏日示爱#谢谢主办方的有奖转发，奖品很给力啊![给力]  地址：http://t.cn/z8UwuT1
3520215637,我来支持，快让我爆发吧，我会认真写获奖心得的，拍漂亮的照片来秀[礼物]  地址：http://t.cn/z84FGZq
3520215637,有奖转发好活动必须支持，支持！  地址：http://t.cn/z8y9Qv2
3520215637,九招远离乳腺癌：①降低食盐摄入，放弃高盐食品②早晚一杯牛奶③每天喝3杯白开水④多吃新鲜蔬菜色拉⑤粗粮细粮搭配食用⑥每天食用豆制品⑦坚果、种子类作为零食⑧每周吃一次海带⑨戒烟、戒酒。
3520215637,#实名登记从沃做起#给力啊大家都来支持吧，好想得到啊，希望有好运。  地址：http://t.cn/z84Mx2O
3520215637,轻易得到的，不会长久。长长久久的，不会来得那么容易。
3520215637,#河北经视我为购物狂#千颗心万颗心，祝博主和博友们永远都开心。千份情万份情，祝博主和博友们天天好心情！！希望有好运气哦！  地址：http://t.cn/z8yOIrB
3520215637,播种一份期待，收获一份喜悦。能够参加这么给力的活动真的很激动，转发的时候是期待的，期待的过程是幸福的，幸福的瞬间是收获的时候。  地址：http://t.cn/z8yE7nw
3520215637,#手指动动松下吸尘器赢回家#祝小编薪水天天高涨，不怕通货膨胀.  地址：http://t.cn/z8yOo8j
3520215637,#中国水泥网免费试用会员#好棒的奖品呀，好希望我就是最幸运的那一个，希望能如愿哦[礼物]  地址：http://t.cn/z84bPUE
3520215637,#我住长江头君住长江尾转发赢IPADMimi#奖品有限，情谊无限，学会感恩，祝福小编还有粉丝们冬天有颗热忱的心，开心度过每一天[嘻嘻]  地址：http://t.cn/z8Ua0af
3520215637,#99大聚惠#[笑哈哈]坚持抽奖 我肯定会中的 相信老天是公平的。  地址：http://t.cn/z8G0Wam
3520215637,#老虎宝典生活利器#千颗心万颗心，祝博主和博友们永远都开心。千份情万份情，祝博主和博友们天天好心情！！希望有好运气哦！  地址：http://t.cn/z84E1DG
3520215637,丈夫在外打工，给留守的老婆写信：亲爱的老婆，全球经济危机，收入受到影响，没钱汇给你，就汇一百个吻吧。不久，妻子回信：亲爱的老公，吻已收到，开支情况如下：1、给娃娃的校长20个，孩子上学不用交费了；2、给电工10个，家里不再断电了；3、给水管员…… [有点凉。。。]
3520215637,#大拇指的力量#[笑哈哈]坚持抽奖 我肯定会中的 相信老天是公平的。  地址：http://t.cn/z8yHURP
3520215637,#盈通显卡免费升舱#奖品有限，情谊无限，学会感恩，祝福小编还有粉丝们冬天有颗热忱的心，开心度过每一天[嘻嘻]  地址：http://t.cn/z8y9Slv
3520215637,大家和我一起来关注转发吧~~也祝万事如意中大奖哦~  地址：http://t.cn/z8yO4vc
3520215637,#易充商城我最中意网购的商品#我日积月累着，期盼RP爆发那一天早日到来，为此我每天勤奋的转发着，好运终究会到来的，对吧[给力]  地址：http://t.cn/z8UAtVV
3520215637,细数身边最寂寞的事：①夜晚一个人坐巴士，看路边不停变换的灯光、树和行人。②听到一句熟悉的歌词，想起某个曾经说要守护你，现在却不在身边的人。③想对着喜欢过的人笑，结果却笑着哭了出来。④拿起电话，按下号码后迟迟不敢拨通绿色的按钮。⑤吃一道菜，想起有人说，要为你学会它，为你做一辈子。
3520215637,#爱会跟家一起走#我是一个知足常乐的人，我期待着生活中的小惊喜。[给力]  地址：http://t.cn/z8yxf6W
3520215637,很棒的活动，奖品我很喜欢，感谢小编为粉丝们争取这么好的活动，期待可以收获一份惊喜！  地址：http://t.cn/z8yEHgM
3520215637,以为蒙上被子就可以不再看见这个世界，以为捂上耳朵就可以不再听见这个世界，以为背对着你就可以不再记得你。后来，掀开了被子、放下了手、转了身。才发现，世界一直都萦绕在我身边，不曾离开。我也不曾逃离。
3520215637,#2013中国旅游小姐全球大赛广东赛区#[耶]拼人品的时刻到了  地址：http://t.cn/z84XNAC
3520215637,#疯狂的导演#你旺我也旺！这个好活动必须力挺！恭祝你们飞黄腾达！也希望能有这个好运气中奖，小编辛苦啦！[礼物]  地址：http://t.cn/z8UtZTl
3520215637,我在这里许个愿，愿你们的粉丝越来越多，愿自己可以中奖。  地址：http://t.cn/z8yNtab
3520215637,#新妈妈创业#没有失败只有暂时没有成功。  地址：http://t.cn/z8yJDvR
3520215637,#网游宝贝#给力啊大家都来支持吧，好想得到啊，希望有好运。  地址：http://t.cn/z8yBGQX
3520215637,#9月开门红#千颗心万颗心，祝博主和博友们永远都开心。千份情万份情，祝博主和博友们天天好心情！！希望有好运气哦！  地址：http://t.cn/z8yWotW
3520215637,[耶]意盎然的季节！祝愿大家都生机勃勃，郁郁葱葱！  地址：http://t.cn/z8ySVxX
3520215637,#海娜花染发剂被曝有毒#你们的工作特别辛苦，谢谢你们。  地址：http://t.cn/z8y9rty
3520215637,#京东读书LeBook预装手机#播种一份期待，收获一份喜悦。能够参加这么给力的活动真的很激动，转发的时候是期待的，期待的过程是幸福的，幸福的瞬间是收获的时候。  地址：http://t.cn/z8y1LWA
3520215637,#秋季护手#[bofu啃西瓜]把欢笑评论到你的微博，愿你每一天都淀放笑脸。。  地址：http://t.cn/z8yXNMF
3520215637,#有奖转发#WOW~大家一起来转吧~好运节节高 。  地址：http://t.cn/z8yl2f6
3520215637,#寻找唯特卖狂人#感谢小编为我们奉献这么精彩的活动！[礼物]  地址：http://t.cn/z8yRegW
3520215637,#9月开门红#我愿意成为你们的忠实粉丝。为你们宣传[嘻嘻]  地址：http://t.cn/z8yH41m
3520215637,#国美在线快消节#努力去抓住机遇，幸运就会降临！不论收获多少，期待拥有温馨而甜蜜的一天！期待好运降临！  地址：http://t.cn/z8yOMiz
3520215637,#转发送平板#大家都来围观吧，给力奖品必须给力的来支持，好运来袭吧[礼物]  地址：http://t.cn/z8yNZnr
3520215637,#九月开学季AOC伴你新学期#我来支持，快让我爆发吧，我会认真写获奖心得的，拍漂亮的照片来秀[礼物]  地址：http://t.cn/z8y9x5v
3520215637,#添加百瑞微信公众平台赢中奖#你们的工作特别辛苦，谢谢你们。  地址：http://t.cn/z8UPAme
3520215637,童鞋们给力起来吧一起来参加，好活动，齐参与~~~~~~~~~~  地址：http://t.cn/z8yOqbw
3520215637,#开学送祝福明珠为您加油#一定要HOLD住！一起来抢啊!  地址：http://t.cn/z8yeTSq
3520215637,#竞猜CHEVIGNON活动明星#[bofu啃西瓜]把欢笑评论到你的微博，愿你每一天都淀放笑脸。。  地址：http://t.cn/z8cyqNy
3520215637,好运降临吧——为此我斋戒三日，一定积极晒奖品，眷顾我吧  地址：http://t.cn/z8yeRHm
3520215637,因为每个人都会说：“我爱你，我一定会为你付出一切”；但爱情又很难，因为没有多少人能做到他当初的承诺。如果真心爱一个人，没有承诺也会去真心去爱，如果不爱一个人，曾经的任何承诺也会背叛对方。
3520215637,#2013成都车展#大家都来围观吧，给力奖品必须给力的来支持，好运来袭吧[礼物]  地址：http://t.cn/z84t7QL
3520215637,#关注宿迁苏宁云商微博送乐美雅茶具五件套#用一颗平常心来对待每一个活动，以一份真诚来打动小编的内心。或许我不是最幸运的那个粉丝，但我一定是最用心的哦！在此祝福小编工作顺利，我会一直支持你们的活动的~！  地址：http://t.cn/z8yeCEM
3520215637,#您在酒店体验过H3C的网络服务吗#我来支持，快让我爆发吧，我会认真写获奖心得的，拍漂亮的照片来秀[礼物]  地址：http://t.cn/z8yDin2
3520215637,#新浪微博4周年人人都是旅行家#WOW~大家一起来转吧~好运节节高 。  地址：http://t.cn/z84kK37
3520215637,【所谓珍惜】当生命中有一个人，无论发生什么事情的时候，他都会永远守护在你身边，那是一种幸福。或许这种幸福很渺小，渺小到会让你不小心忽略，不过，请你一定要记得当它存在的时候要特别珍惜。
3520215637,#SmartFish健康欢乐送#一定要HOLD住！一起来抢啊!  地址：http://t.cn/z84DR3b
3520215637,#一元试吃# 活动很给力，大家一起来分享 希望大家都能开心的过每一天.[礼物]  地址：http://t.cn/z8G1HXF
3520215637,努力去抓住机遇，幸运就会降临！不论收获多少，期待拥有温馨而甜蜜的一天！期待好运降临！  地址：http://t.cn/z84DNW5
3520215637,#M360乐活户外大本营#不知道谁有这个好运气呀，幸运女神降临我家吧，我开门迎接啦  地址：http://t.cn/z8bcO1Z
3520215637,#火锅美食#[bofu啃西瓜]不管中不中奖，我都来支持小编的工作，我们一起加油！！！  地址：http://t.cn/z8bpkgh
3520215637,#94备货节#支持你们哦！ 谢谢小编给我们带来这么好的礼物！希望微博人气越来越高 给你一些泡泡里面全是幸福。  地址：http://t.cn/z8cZACQ
3520215637,#法国LaUNIQUE优克珠宝#分享个好玩的活动给你们，都来看看吧。[礼物]  地址：http://t.cn/z84Ioar
3520215637,#有奖转发#我来支持，快让我爆发吧，我会认真写获奖心得的，拍漂亮的照片来秀[礼物]  地址：http://t.cn/z84bsqL
3520215637,#有奖转发#好运降临吧——为此我斋戒三日，一定积极晒奖品，眷顾我吧  地址：http://t.cn/z84MohU
3520215637,#看春天秀老公#支持精彩活动，赶紧奔走相告，大力宣传，期待小编的厚爱，期待好运气！  地址：http://t.cn/z84foR1
3520215637,#关注签到优惠有奖转发#小编如此给力，我也要给力！！！  地址：http://t.cn/z84ISf9
3520215637,很棒的活动，奖品我很喜欢，感谢小编为粉丝们争取这么好的活动，期待可以收获一份惊喜！  地址：http://t.cn/z8cyGDS
3520215637,【椰子炖雪蛤】 原料：椰子、雪蛤油、冰糖。 做法：1.先用温水将雪蛤油泡开，洗净，然后加入少许姜片煮开，捞起滤干； 2.将滤干的雪蛤膏加入清水炖约3个小时；3.将椰子盖锯开，倒出一些椰汁，再加入炖好的雪蛤膏和冰糖，即可食用。
3520215637,#99大聚惠#努力去抓住机遇，幸运就会降临！不论收获多少，期待拥有温馨而甜蜜的一天！期待好运降临！  地址：http://t.cn/z8cZYb1
3520215637,#乐驼网开学送豪礼#你旺我也旺！这个好活动必须力挺！恭祝你们飞黄腾达！也希望能有这个好运气中奖，小编辛苦啦！[礼物]  地址：http://t.cn/z84tPOv
3520215637,累了，就休息一下；烦了，就放松一下。谁也无法去替代你的忧虑，正如无法分享你的幸福；谁也无法取舍你的选择，正如无法左右你的脚步。一切随意就好，刻意了会失意，希望了会失望。淡淡的来，淡淡的去，淡淡的相处，给人以宁静，予己以清幽；静静的来，静静的去，静静的守望，给人以宽松，予己以从容。
3520215637,#官方检测确认多美滋产品安全转发赢ipadmini#感谢小编为我们奉献这么精彩的活动！[礼物]  地址：http://t.cn/z846H5O
3520215637,不知道谁有这个好运气呀，幸运女神降临我家吧，我开门迎接啦  地址：http://t.cn/z845LRf
3520215637,#仙侠世界公测送祝福#感谢岁月让一只友谊的船，让我们找到了落帆的愿望，感谢小编微博的活动，让我找到了互动交友的家园；[给力]  地址：http://t.cn/z84q3qZ
3520215637,#新帕杰罗劲畅预订有礼#好活动大力宣传！感谢小编不断将惊喜带给所有喜欢你的粉丝，祝小编开心每一天！希望微博活动人气直升越来越火。  地址：http://t.cn/z84TkK4
3520215637,#發票彩送平版#期待哦！希望幸运之神眷顾我，来个大奖！大大滴！  地址：http://t.cn/z84Tk3h
3520215637,好女人修炼：1，愤怒的时候，数到30，再说话。2，喜欢的东西自己努力买，不要指望别人送。3，永远不会再有第二个男人像爸爸这样爱你，所以最爱的男人当然是爸爸。4，不要认为找个有钱男人就什么都有了。世界上年轻的女孩子，多的就像货柜上的可乐，喝不喝都无所谓。5，看透的时候，假装没看透。
3520215637,守候。我们都是那样的一个人，爱上了一个人，便开始学会了守候。守候想爱的那个人。等待。我们也是这样的一个人，爱离开我们的时候，便开始学会等待。等待下一个人来爱。幸福。我们都是不懂幸福的人，所以才会让幸福，一直从身边错过......
3520215637,#30秒证明你在玩坦克世界#[笑哈哈]哈哈，终于等到这个活动喽。等了好长时间了，来吧，大奖  地址：http://t.cn/z849X3N
3520215637,#不堪回首的童年照片#我在不停的转发，就让我奖中奖中奖吧，我好期盼能够得到哦，希望在博主这能好运连连  地址：http://t.cn/z84n2m8
3520215637,#三星TAB3首发#[耶]支持你们举行好活动转走了！  地址：http://t.cn/z8G4oix
3520215637,#金秋玖月送惊喜打造最美婚礼妈妈转发赢相机#有一种目光叫关注，有一种参与叫转发，有一种支持叫爱![给力]  地址：http://t.cn/z8blWp8
3520215637,小编如此给力，我也要给力！！！  地址：http://t.cn/z84aoi7
3520215637,多多关注！！！支持！！[礼物]  地址：http://t.cn/z8447DY
3520215637,#九月开学季营养屋转发赢大礼#我全身心的来转发支持啦，希望好运垂怜我，让我中个吧，太期待了  地址：http://t.cn/z84YRvs
3520215637,#转发赢iPadmini#大家和我一起来关注转发吧~~也祝万事如意中大奖哦~  地址：http://t.cn/z84Tcoo
3520215637,#关注微博转发就抽平板电脑#大家都来围观吧，给力奖品必须给力的来支持，好运来袭吧[礼物]  地址：http://t.cn/z84MCAi
3520215637,有一美女从的士上下来，把照相机落在后座了。司机见状赶忙把头伸出窗外，冲着美女喊：“小姐，你相机~”美女一脸红，扭过头骂道：“你TMD像鸭！”然后的士走了。后来美女追着喊：“师傅，我相机，我相机……”
3520215637,#9月7至9月8日木制品节盛大开幕#好棒的奖品呀，好希望我就是最幸运的那一个，希望能如愿哦[礼物]  地址：http://t.cn/z84F0Ki
3520215637,#WPS官方旗舰店#祝小编薪水天天高涨，不怕通货膨胀.  地址：http://t.cn/z84kRPF
3520215637,#动动小手赢取大奖#我愿意成为你们的忠实粉丝。为你们宣传[嘻嘻]  地址：http://t.cn/z8b4dfi
3520215637,#开防盗赢宝马#好运降临吧——为此我斋戒三日，一定积极晒奖品，眷顾我吧  地址：http://t.cn/z84a6dq
3520215637,#晒暑假作业难题#我来支持，快让我爆发吧，我会认真写获奖心得的，拍漂亮的照片来秀[礼物]  地址：http://t.cn/z844E3Q
3520215637,#带上天翼去旅行#用一颗平常心来对待每一个活动，以一份真诚来打动小编的内心。或许我不是最幸运的那个粉丝，但我一定是最用心的哦！在此祝福小编工作顺利，我会一直支持你们的活动的~！  地址：http://t.cn/z84NHxZ
3520215637,#青松风中救援行动#我全身心的来转发支持啦，希望好运垂怜我，让我中个吧，太期待了  地址：http://t.cn/z84tAUB
3520215637,#国际#祝福编编和所有的好友月月涨工资，周周中彩票，天天好心情，日日好运道，白天遇财神夜晚数钞票这个春天啵糖期待得到美美礼物。  地址：http://t.cn/z84nhyF
3520215637,#史上最超值平板#很喜欢，希望中奖，转发~~~~  地址：http://t.cn/z84n2R0
3520215637,#宠乐无忧开心转#你旺我也旺！这个好活动必须力挺！恭祝你们飞黄腾达！也希望能有这个好运气中奖，小编辛苦啦！[礼物]  地址：http://t.cn/z846kXS
3520215637,#开学必备平板同洲摸摸派#大家和我一起来关注转发吧~~也祝万事如意中大奖哦~  地址：http://t.cn/z84OABc
3520215637,#缭乱三国演义#奖品我很喜欢，感谢小编为粉丝们争取这么好的活动，期待可以收获一份惊喜！祝小编工作顺心，微博红红红火火 粉丝多多 活动圆满能成功。  地址：http://t.cn/z8bhP7O
3520215637,#魂斗罗安卓版上线#[笑哈哈]参加活动的同时让我们一同分享快乐生活，期待好运气！2012我的好运来啦！非常感谢！我会努力的! 。[给力]  地址：http://t.cn/z84T2T9
3520215637,#明颜焕肤好礼#[笑哈哈]朋友不必很多，知心就好；牵挂不必很多，动情就好；  地址：http://t.cn/z84rFD1
3520215637,儿童的涂鸦总是天真的，这个孩子的家长一直没有擦掉，因为他知道，孩子的童心是多么珍贵!
3520215637,煎荷包蛋时，在蛋的周围滴几滴热水，煎好的蛋特别鲜美。
3520215637,[bofu啃西瓜]转一转，相信会有好运被我转出来的！！！  地址：http://t.cn/z85woSM
3520215637,奖品有限，情谊无限，学会感恩，祝福小编还有粉丝们冬天有颗热忱的心，开心度过每一天[嘻嘻]  地址：http://t.cn/z8G0eEl
3520215637,#小E官微粉丝破百万#我愿意成为你们的忠实粉丝。为你们宣传[嘻嘻]  地址：http://t.cn/z8tszjX
3520215637,#电器城新品惠#我在不停的转发，就让我奖中奖中奖吧，我好期盼能够得到哦，希望在博主这能好运连连  地址：http://t.cn/z8cvPIw
3520215637,好活动HOLD不住了，积极来参与，鼎力支持活动，每一次转发都是幸福的传递， 每一次收获都是努力的结果，怀着感恩与饱满的热情来转发！  地址：http://t.cn/z8V6BwV
3520215637,#关爱长辈口腔健康#积极的转发评论，帮助小编吸引更多的粉丝，虽然我粉丝不多，但是我也很努力呢  地址：http://t.cn/z85Gf6H
3520215637,#儿童安全座椅聚划算kiddy悦服者直降1400元#支持你们哦！ 谢谢小编给我们带来这么好的礼物！希望微博人气越来越高 给你一些泡泡里面全是幸福。  地址：http://t.cn/z8qgQlZ
3520215637,#一起转发拿大奖#有一种目光叫关注，有一种参与叫转发，有一种支持叫爱![给力]  地址：http://t.cn/z8qrBvX
3520215637,想中奖吗？那你一定要来多多支持小编的工作啦!  地址：http://t.cn/z855Guu
3520215637,[笑哈哈]朋友不必很多，知心就好；牵挂不必很多，动情就好；  地址：http://t.cn/z8tsrLA
3520215637,#国人汇积分当钱花#期待哦！希望幸运之神眷顾我，来个大奖！大大滴！  地址：http://t.cn/z8cZzg6
3520215637,#福日星徽荣耀二周年#你们的工作特别辛苦，谢谢你们。  地址：http://t.cn/z85C3OV
3520215637,#我们终究会牵手旅行#时刻关注你们的活动 始终是你们的忠实粉丝 祝愿你们每天开心快乐!  地址：http://t.cn/z8tctEB
3520215637,【精】每个女孩心中都会有属于自己的一个男孩， 每个男孩心中都会有属于自己的一个女孩。 每个纠结的小事却会让这两个彼此拥有的人吵吵闹闹， 每次吵闹过后两个人依然有背靠背的影子， 女孩演绎着男孩想要的生活， 男孩为此奋斗着女孩想要的幸福。
3520215637,据说，这是朝鲜最早拍的一部电影，非一般坑爹啊，天雷滚滚。。。。。
3520215637,期待哦！希望幸运之神眷顾我，来个大奖！大大滴！  地址：http://t.cn/z85wieQ
3520215637,#转发微博参与抽奖#大力支持，希望好运垂怜我，让我中个吧，太期待了[嘻嘻]  地址：http://t.cn/z8GAr2Z
3520215637,童鞋们快来哦，迟了就没有！  地址：http://t.cn/z85MbEM
3520215637,[bofu啃西瓜]转一转，相信会有好运被我转出来的！！！  地址：http://t.cn/z85vvQW
3520215637,#草根英雄#有奖转发好活动大家一定要来参加哦，希望可以好运一次！[礼物]  地址：http://t.cn/z85AvUS
3520215637,人生七忠告：1.常给人惊喜与微笑，送去意想不到的温暖；2.善于弥补不足，找准自己的位子；3.孤独是健康的大敌，心要与群体相通；4.君子爱财取之有道，不义之财不可取，勤劳致富是正道；5.抱有感恩心，感谢一切应该感谢的；6.学无止境，活到老学到老；7.丢弃过去的“我”，拓展现在的我。
3520215637,下辈子做只考拉，每天睡觉20个小时，吃2个小时，发呆2个小时，这才是完美人生啊！羡慕的请转发一下！
3520215637,#成都公证处送大奖#有奖转发好活动必须支持，支持！  地址：http://t.cn/z8cflpI
3520215637,【西班牙娃娃团】看到西班牙娃娃团，瞬间觉得无比温馨！简直萌翻了！
3520215637,#寻找中国合伙人#[笑哈哈]哈哈，终于等到这个活动喽。等了好长时间了，来吧，大奖  地址：http://t.cn/z8cymF3
3520215637,#乐打印乐学习#我来支持，快让我爆发吧，我会认真写获奖心得的，拍漂亮的照片来秀[礼物]  地址：http://t.cn/z8cyJ6d
3520215637,#聚划算盖大楼赢微淘大奖#积极的转发评论，帮助小编吸引更多的粉丝，虽然我粉丝不多，但是我也很努力呢  地址：http://t.cn/z8tsLxY
3520215637,#生活那些事儿#[耶]拼人品的时刻到了  地址：http://t.cn/z8ciW7c
3520215637,#甜心巧克力#很棒的活动，奖品我很喜欢，感谢小编为粉丝们争取这么好的活动，期待可以收获一份惊喜！  地址：http://t.cn/z8cVCT4
3520215637,感谢小编为我们奉献这么精彩的活动！[礼物]  地址：http://t.cn/z8cfGlP
3520215637,#99大聚惠#我日积月累着，期盼RP爆发那一天早日到来，为此我每天勤奋的转发着，好运终究会到来的，对吧[给力]  地址：http://t.cn/z8VBr2i
3520215637,童鞋们快来哦，迟了就没有！  地址：http://t.cn/z8cZHzF
3520215637,[耶]拼人品的时刻到了  地址：http://t.cn/z8cVVjO
3520215637,#Wrangler你最想去的旅行目的地#你旺我也旺！这个好活动必须力挺！恭祝你们飞黄腾达！也希望能有这个好运气中奖，小编辛苦啦！[礼物]  地址：http://t.cn/z8cHC9U
3520215637,[耶]拼人品的时刻到了  地址：http://t.cn/z8cNPu9
3520215637,#关注贵州美酒商城转发活动送茅台#祝福编编和所有的好友月月涨工资，周周中彩票，天天好心情，日日好运道，白天遇财神夜晚数钞票这个春天啵糖期待得到美美礼物。  地址：http://t.cn/z85a45y
3520215637,所谓爱，就是别人担心你会胖，我却担心你没吃饱。
3520215637,#zoom一夏#感谢岁月让一只友谊的船，让我们找到了落帆的愿望，感谢小编微博的活动，让我找到了互动交友的家园；[给力]  地址：http://t.cn/z8cfMYP
3520215637,#华为G700#有奖转发有奖转发来参加活动哦O(∩_∩)O谢谢，好活动和大家一起来分享(*^__^*) 嘻嘻……  地址：http://t.cn/z8cZPuk
3520215637,#发现5的美#千颗心万颗心，祝博主和博友们永远都开心。千份情万份情，祝博主和博友们天天好心情！！希望有好运气哦！  地址：http://t.cn/z854sWX
3520215637,#美女# 活动很给力，大家一起来分享 希望大家都能开心的过每一天.[礼物]  地址：http://t.cn/z8GOdXn
3520215637,#麻辣江湖9月5日乱世佳缘情动公测一起告别单身#很喜欢，希望中奖，转发~~~~  地址：http://t.cn/z8tFJ9S
3520215637,#天王表25周年传奇创世纪#时刻关注你们的活动 始终是你们的忠实粉丝 祝愿你们每天开心快乐!  地址：http://t.cn/z8Gim4x
3520215637,#中医专家#好活动大力宣传！感谢小编不断将惊喜带给所有喜欢你的粉丝，祝小编开心每一天！希望微博活动人气直升越来越火。  地址：http://t.cn/z85ZyDA
3520215637,#先扫描二维码关注海尔厦门转发赢大奖#千颗心万颗心，祝博主和博友们永远都开心。千份情万份情，祝博主和博友们天天好心情！！希望有好运气哦！  地址：http://t.cn/z8GYC3r
3520215637,#免费把苹果IPAD5抱回家#祝主办方越来越好，人气蒸蒸日上，刘翔都赶不上。  地址：http://t.cn/z85znr2
3520215637,#转起来吧#I will be strong enough to make you feel bad。 我会坚强到让你们心疼。  地址：http://t.cn/z8qd4M2
3520215637,#问道火女手办#好活动HOLD不住了，积极来参与，鼎力支持活动，每一次转发都是幸福的传递， 每一次收获都是努力的结果，怀着感恩与饱满的热情来转发！  地址：http://t.cn/z854hv1
3520215637,#开学季充值赢手机可凡诚品汇充值微商城正式上线了转发赢小米手机#很棒的活动，奖品我很喜欢，感谢小编为粉丝们争取这么好的活动，期待可以收获一份惊喜！  地址：http://t.cn/z85ClBr
3520215637, 活动很给力，大家一起来分享 希望大家都能开心的过每一天.[礼物]  地址：http://t.cn/z8tsCfH
3520215637,#颠覆青春0元购Young#[bofu啃西瓜]转一转，相信会有好运被我转出来的！！！  地址：http://t.cn/z8cNLyH
3520215637,#Lumi够迷你Gomini#童鞋们快来哦，迟了就没有！  地址：http://t.cn/z8cinP8
3520215637,#小细和你回到那一年#我是一个知足常乐的人，我期待着生活中的小惊喜。[给力]  地址：http://t.cn/z8cCDPP
3520215637,#咖啡恋人#我来支持，快让我爆发吧，我会认真写获奖心得的，拍漂亮的照片来秀[礼物]  地址：http://t.cn/z8cnlL3
3520215637,#免费吃饭一个月#奖品我很喜欢，感谢小编为粉丝们争取这么好的活动，期待可以收获一份惊喜！祝小编工作顺心，微博红红红火火 粉丝多多 活动圆满能成功。  地址：http://t.cn/z8cZ9N6
3520215637,俄罗斯人把骑自行车变成了一种艺术…「viafall_ark」
3520215637,#寻找默契小伙伴#期待哦！希望幸运之神眷顾我，来个大奖！大大滴！  地址：http://t.cn/z8tsOWL
3520215637,好口碑好服务好态度。老百姓信赖，身边最美的关怀，最美的祝福送给你们。[给力]  地址：http://t.cn/z8cydN5
3520215637,#奕美有奖转发#支持你们哦！ 谢谢小编给我们带来这么好的礼物！希望微博人气越来越高 给你一些泡泡里面全是幸福。  地址：http://t.cn/z8cxsIH
3520215637,奖品我很喜欢，感谢小编为粉丝们争取这么好的活动，期待可以收获一份惊喜！祝小编工作顺心，微博红红红火火 粉丝多多 活动圆满能成功。  地址：http://t.cn/z8cJqSM
3520215637,#150年清爽体验#没有失败只有暂时没有成功。  地址：http://t.cn/z8czkmo
3520215637,#卫骨骼健康安怡的责任#我愿意成为你们的忠实粉丝。为你们宣传[嘻嘻]  地址：http://t.cn/z8cZdVD
3520215637,#灵悦首发#我是一个知足常乐的人，我期待着生活中的小惊喜。[给力]  地址：http://t.cn/z8Iy22A
3520215637,#金地铂悦转发得单反#[笑哈哈]期待好运呀，哇哈，支持！！！给力活动支持  地址：http://t.cn/z8VG1BG
3520215637,我来支持，快让我爆发吧，我会认真写获奖心得的，拍漂亮的照片来秀[礼物]  地址：http://t.cn/z8cNikb
3520215637,#老公么么哒#我愿意成为你们的忠实粉丝。为你们宣传[嘻嘻]  地址：http://t.cn/z8cSmx5
3520215637,#凯撒有奖转发#不知道我会不会是你们奖品的新主人呢，我都准备好获奖感言了呢  地址：http://t.cn/z8cf6sM
3520215637,#东方CJ九月八日巨献金加瀛世纪婚典寝饰#我是一个知足常乐的人，我期待着生活中的小惊喜。[给力]  地址：http://t.cn/z8tDt2w
3520215637,[笑哈哈]坚持抽奖 我肯定会中的 相信老天是公平的。  地址：http://t.cn/z8tkK8I
3520215637,生命多彩又多舛，它赋予我们的，并不只是欢笑，还有贫穷、病痛、失意和泪水。我们每个人的心灵上，都背着一座苦难的十字架。要知道，命运是立体的，有了苦难的修饰和点缀，它才显得丰富多姿。当潜藏的暴风雨袭来时，我们唯有选择傲视与坚强，以胜利者的姿态勇敢地面对，才能写就生命里超越的华章。
3520215637,#明星爱为你#[笑哈哈]大力支持来了，希望好运，希望我能够等到博主的青睐，能够得到这份礼物，我会感恩滴。[给力]  地址：http://t.cn/z8tsC0h
3520215637,#欧美女鞋#好棒的奖品呀，好希望我就是最幸运的那一个，希望能如愿哦[礼物]  地址：http://t.cn/z8cypox
3520215637,有时候，人们之所以哭泣，并不是因为软弱，而是因为他们坚强了太久……
3520215637,#炫影SII最美开学季#有奖转发好活动必须支持，支持！  地址：http://t.cn/z8cP19Q
3520215637,#金道赞助英超斯旺西#感谢岁月让一只友谊的船，让我们找到了落帆的愿望，感谢小编微博的活动，让我找到了互动交友的家园；[给力]  地址：http://t.cn/z8cwPZp
3520215637,#红星大牌砍大牌#[笑哈哈]哈哈，终于等到这个活动喽。等了好长时间了，来吧，大奖  地址：http://t.cn/z8cCDMX
3520215637,#说说你喜欢的蕾丝打底衫品牌#大力支持，希望好运垂怜我，让我中个吧，太期待了[嘻嘻]  地址：http://t.cn/z8cZOlY
3520215637,喜欢就转发吧，下一个幸运会是你吗  地址：http://t.cn/z8VcvVc
3520215637,#搜商#好活动HOLD不住了，积极来参与，鼎力支持活动，每一次转发都是幸福的传递， 每一次收获都是努力的结果，怀着感恩与饱满的热情来转发！  地址：http://t.cn/z8cl45J
3520215637,#一句话证明你玩过汤臣倍健透明工厂活动#祝小编天天开心，也祝贵博粉丝多到爆，越来越红火，感谢小编不断将惊喜带给大家，虔诚许愿，期待一份美好，希望微博人气越来越高！  地址：http://t.cn/z8cZtkB
3520215637,支持精彩活动，赶紧奔走相告，大力宣传，期待小编的厚爱，期待好运气！  地址：http://t.cn/z8cUIym
3520215637,#用焦点做自己生活的导演#我是一个知足常乐的人，我期待着生活中的小惊喜。[给力]  地址：http://t.cn/z8cZZqt
3520215637,时刻关注你们的活动 始终是你们的忠实粉丝 祝愿你们每天开心快乐!  地址：http://t.cn/z8tsn8n
3520215637,`很多人在犯着的一个错误，就是把迷恋当成爱情，迷恋也许只是爱情的初级阶段，或者仅仅是爱的萌芽。迷恋一个人的时候，迷恋者可以做出种种令人发晕的事，包括那些海誓山盟，甜言蜜语，但往往都是不堪一击的。迷恋的同时，如果不能滋生出彼此怜惜的情感，爱情就会迅速消失。
3520215637,#百姓彩票3D百万大派彩#你们的工作特别辛苦，谢谢你们。  地址：http://t.cn/z8cZA7x
3520215637,#中秋#支持你们哦！ 谢谢小编给我们带来这么好的礼物！希望微博人气越来越高 给你一些泡泡里面全是幸福。  地址：http://t.cn/z8cCW9j
3520215637,用一颗平常心来对待每一个活动，以一份真诚来打动小编的内心。或许我不是最幸运的那个粉丝，但我一定是最用心的哦！在此祝福小编工作顺利，我会一直支持你们的活动的~！  地址：http://t.cn/z8tsoZU
3282232374,#91熊猫看书年会##91熊猫看书年会#微活动第六波，赢博沃孝心机&amp; Qop库奇移动电源  地址：http://t.cn/z828Xyj
3282232374,#飞利浦虎辉专卖店开张大酬宾#飞利浦虎辉专卖店大派福利，店长疯了！！！  地址：http://t.cn/z8LNSG3
3282232374,#九姑娘OL8月29日公测#《九姑娘OL》8月29日苹果+安卓12：00同步公测  地址：http://t.cn/z8LxRfy
3282232374,#凯仕乐最佳搭配秀#牵挂的理由，找到了  地址：http://t.cn/z82THau
3282232374,#神农架送福利#神农架送福利 转发赢IPAD Mini！  地址：http://t.cn/z82YjeM
3282232374,北体60周年华诞，建侬深情献礼【转发赢ipadmini】  地址：http://t.cn/z8202fj
3282232374,#百脑汇惠员日##百脑汇惠员日# 三星手机等您拿  地址：http://t.cn/z828Uk6
3282232374,#我表态中秋回家陪家人##我表态中秋回家陪家人#  地址：http://t.cn/z8LqgL3
3282232374,#爱无线#SHOW 创意，赢话费！  地址：http://t.cn/z82TVqs
3282232374,#爱无线#SHOW 创意，赢话费！  地址：http://t.cn/z82TVqs
3282232374,#有奖转发#转发赢惊喜大礼！来一起装修网团购会1天还能省半年工资！  地址：http://t.cn/z82r8JL
3282232374,#大闹西游#玩大闹西游  赢百元话费大礼  地址：http://t.cn/z8LivjH
3282232374,#凯仕乐最佳搭配秀#牵挂的理由，找到了  地址：http://t.cn/z82THau
3282232374,#青橙定制手机1949#【转发有奖】赢四核顶配GreenOrange 青橙 GO N1手机  地址：http://t.cn/z8y6QQc
3282232374,飞young总动员 开学赢好礼  地址：http://t.cn/z828YfI
3282232374,#32G版本里奥n003将来转发赢霸道n003高配版1台##32G版本里奥n003将来 转发赢霸道n003高配版1台#  地址：http://t.cn/z82mGPv
3282232374,夏末狂购会之TCL彩电  地址：http://t.cn/z8yEyaN
3282232374,#神农架送福利#神农架送福利 转发赢IPAD Mini！  地址：http://t.cn/z82YjeM
3282232374,#达人卡一周年#微博达人卡一周年 粉丝大回馈  地址：http://t.cn/z8L2IZJ
3282232374,#大秦帝国之纵横#看央一《大秦帝国之纵横》，iPad4免费赢~！  地址：http://t.cn/z8L7aLx
3282232374,#迎开学季团购王送手机#迎开学季，团购王送手机！  地址：http://t.cn/z8LicDl
3282232374,抓住八月的尾巴，让我们再疯一回  地址：http://t.cn/z8y6ZZT
3282232374,#九姑娘OL8月29日公测#《九姑娘OL》8月29日苹果+安卓12：00同步公测  地址：http://t.cn/z8LxRfy
3282232374,夏季狂欢，买就送  地址：http://t.cn/z8LfPWY
3282232374,#运动户外品牌猜图#  地址：http://t.cn/z8LiTNH
3282232374,加电动汽车时代微信 加油卡U盘话费众多好礼等你拿！  地址：http://t.cn/z82HdNv
3282232374,转发微博
3282232374,#大秦帝国之纵横#看央一《大秦帝国之纵横》，iPad4免费赢~！  地址：http://t.cn/z8L7aLx
3282232374,派信“智能手机监控AC02”大奖10抽1，转发也可赢大奖！  地址：http://t.cn/z82lQHO
3282232374,派信“智能手机监控AC02”大奖10抽1，转发也可赢大奖！  地址：http://t.cn/z82lQHO
3282232374,#有奖转发#转发赢惊喜大礼！来一起装修网团购会1天还能省半年工资！  地址：http://t.cn/z82r8JL
3282232374,夏季狂欢，买就送  地址：http://t.cn/z8LfPWY
3282232374,#开学有礼#领取开学礼，瞬间解忧伤！  地址：http://t.cn/z8Lb8Hq
3282232374,#DLP深圳光博会2013#德州仪器DLP深圳光博会2013  地址：http://t.cn/z8LSREu
3282232374,#青橙定制手机1949#【转发有奖】赢四核顶配GreenOrange 青橙 GO N1手机  地址：http://t.cn/z8y6QQc
3282232374,#汉字英雄#【《汉字英雄》总决赛开启】转发送亚马逊Kindle  地址：http://t.cn/z8LVsln
3282232374,#百脑汇惠员日##百脑汇惠员日# 三星手机等您拿  地址：http://t.cn/z828Uk6
3282232374,#我表态中秋回家陪家人##我表态中秋回家陪家人#  地址：http://t.cn/z8LqgL3
3282232374,转发微博
3282232374,#DLP深圳光博会2013#德州仪器DLP深圳光博会2013  地址：http://t.cn/z8LSREu
3282232374,#运动户外品牌猜图#  地址：http://t.cn/z8LiTNH
3282232374,#迎开学季团购王送手机#迎开学季，团购王送手机！  地址：http://t.cn/z8LicDl
3282232374,#汉字英雄#【《汉字英雄》总决赛开启】转发送亚马逊Kindle  地址：http://t.cn/z8LVsln
3282232374,抓住八月的尾巴，让我们再疯一回  地址：http://t.cn/z8y6ZZT
3282232374,#圣堂OL公测有奖转发#圣堂ol公测有奖转发  地址：http://t.cn/z8LiXkw
3282232374,#圣堂OL公测有奖转发#圣堂ol公测有奖转发  地址：http://t.cn/z8LiXkw
3282232374,夏末狂购会之TCL彩电  地址：http://t.cn/z8yEyaN
3282232374,#东北亚博览会#锦湖轮胎亮相东北亚博览会 Note II 等你来拿  地址：http://t.cn/z828dtn
3282232374,#大闹西游#玩大闹西游  赢百元话费大礼  地址：http://t.cn/z8LivjH
3282232374,北体60周年华诞，建侬深情献礼【转发赢ipadmini】  地址：http://t.cn/z8202fj
3282232374,#建行手机银行俏皮话（画）大赛#原创俏皮话展播，转发抽50元话费  地址：http://t.cn/z82jSvx
3282232374,#建行手机银行俏皮话（画）大赛#原创俏皮话展播，转发抽50元话费  地址：http://t.cn/z82jSvx
3282232374,#飞利浦虎辉专卖店开张大酬宾#飞利浦虎辉专卖店大派福利，店长疯了！！！  地址：http://t.cn/z8LNSG3
3282232374,#32G版本里奥n003将来转发赢霸道n003高配版1台##32G版本里奥n003将来 转发赢霸道n003高配版1台#  地址：http://t.cn/z82mGPv
3282232374,飞young总动员 开学赢好礼  地址：http://t.cn/z828YfI
3282232374,#9月开门红##9月开门红#  地址：http://t.cn/z8yWotW
3282232374,#小伙伴们都被你的暑假震惊了##华帝暑假秀?你能惊呆小伙伴们吗？#  地址：http://t.cn/z8yBn8v
3282232374,有奖转发：京东第二届数码狂欢节 转发有奖  地址：http://t.cn/z8yihF3
3282232374,转发微博
3282232374,#老虎宝典生活利器#晒出你的截图，老虎抱枕、手机充值卡等更多好礼等你拿！  地址：http://t.cn/z84E1DG
3282232374,#火龙哥豪礼相送#为专业跨界而生，龙酷1399元手机平板免费送  地址：http://t.cn/z8UAWTR
3282232374,#小伙伴们都被你的暑假震惊了##华帝暑假秀?你能惊呆小伙伴们吗？#  地址：http://t.cn/z8yBn8v
3282232374,有奖转发 赢取iPad mini  地址：http://t.cn/z8y6Wxc
3282232374,#京东读书LeBook预装手机#有奖转发得华为荣耀3京东读书LeBook预装手机  地址：http://t.cn/z8y1LWA
3282232374,#寻找唯特卖狂人#唯特卖全新起航！寻找唯特卖达人，转发赢好礼！  地址：http://t.cn/z8yRegW
3282232374,乐蜂5周年，海尔送祝福  地址：http://t.cn/z8yDNkW
3282232374,乐蜂五周年，海尔送祝福！狂妄大礼重磅袭击！  地址：http://t.cn/z8yeRHm
3282232374,#火龙哥豪礼相送#为专业跨界而生，龙酷1399元手机平板免费送  地址：http://t.cn/z8UAWTR
3282232374,#京东读书LeBook预装手机#有奖转发得华为荣耀3京东读书LeBook预装手机  地址：http://t.cn/z8y1LWA
3282232374,#谢师送祝福获同洲平板#开学谢师送祝福，同洲平板赠恩师。  地址：http://t.cn/z8y1Y7B
3282232374,#节能环保，快乐生活#，京能恒基公益活动，赢千元现金  地址：http://t.cn/z8y9Qv2
3282232374,#寻找唯特卖狂人#唯特卖全新起航！寻找唯特卖达人，转发赢好礼！  地址：http://t.cn/z8yRegW
3282232374,#桃花急救包#喊出我要#桃花急救包#赢大奖  地址：http://t.cn/z8y9tOR
3282232374,#9月开门红##9月开门红#让利10亿来袭，转发就有机会赢取1000元现金券  地址：http://t.cn/z8yH41m
3282232374,#老虎宝典生活利器#晒出你的截图，老虎抱枕、手机充值卡等更多好礼等你拿！  地址：http://t.cn/z84E1DG
3282232374,#OPPO N1#  地址：http://t.cn/z8yE7nw
3282232374,#2013成都车展#“DESIGN KIA”的先锋之作2014款智跑闪耀成都车展  地址：http://t.cn/z84t7QL
3282232374,#9月开学季 感恩教师情#  地址：http://t.cn/z8UU08Z
3282232374,#灵将携手夏日示爱#玩灵将 8月30日看夏日示爱 赢康佳大屏手机  地址：http://t.cn/z8UwuT1
3282232374,海信MIRA手机免费送 第二波！  地址：http://t.cn/z84FGZq
3282232374,转发微博
3282232374,海信MIRA手机免费送 第二波！  地址：http://t.cn/z84FGZq
3282232374,#青岛旅游三大纪律八项注意#转发赢IPADmini  地址：http://t.cn/z8ySVxX
3282232374,#2013年苏宁彩电节#2013年苏宁彩电节  地址：http://t.cn/z8UPMwo
3282232374,成都车展好礼转不停  地址：http://t.cn/z8y96S4
3282232374,有奖转发 赢取iPad mini  地址：http://t.cn/z8y6Wxc
3282232374,#桃花急救包#喊出我要#桃花急救包#赢大奖  地址：http://t.cn/z8y9tOR
3282232374,#大拇指的力量#【奖品】九阳榨汁机 方太#指尖风尚#活动  地址：http://t.cn/z8yHURP
3282232374,#海娜花染发剂被曝有毒#关注#海娜花染发剂被曝有毒#发评论，抽大奖！  地址：http://t.cn/z8y9rty
3282232374,#大拇指的力量#【奖品】九阳榨汁机 方太#指尖风尚#活动  地址：http://t.cn/z8yHURP
3282232374,#海娜花染发剂被曝有毒#关注#海娜花染发剂被曝有毒#发评论，抽大奖！  地址：http://t.cn/z8y9rty
3282232374,#9月开学季 感恩教师情#  地址：http://t.cn/z8UU08Z
3282232374,#节能环保，快乐生活#，京能恒基公益活动，赢千元现金  地址：http://t.cn/z8y9Qv2
3282232374,有奖转发：京东第二届数码狂欢节 转发有奖  地址：http://t.cn/z8yihF3
3282232374,#谢师送祝福获同洲平板#开学谢师送祝福，同洲平板赠恩师。  地址：http://t.cn/z8y1Y7B
3282232374,#青岛旅游三大纪律八项注意#转发赢IPADmini  地址：http://t.cn/z8ySVxX
3282232374,#9月开门红##9月开门红#1天3抢，10亿让利！  地址：http://t.cn/z8yeT72
3282232374,#2013成都车展#“DESIGN KIA”的先锋之作2014款智跑闪耀成都车展  地址：http://t.cn/z84t7QL
3282232374,#2013年苏宁彩电节#2013年苏宁彩电节  地址：http://t.cn/z8UPMwo
3282232374,#OPPO N1#  地址：http://t.cn/z8yE7nw
3282232374,#灵将携手夏日示爱#玩灵将 8月30日看夏日示爱 赢康佳大屏手机  地址：http://t.cn/z8UwuT1
3282232374,#华硕PadFone甜蜜3小时#华硕PadFone甜蜜3小时 转发微博赢精美礼品  地址：http://t.cn/z8ySv8v
3282232374,#新妈妈创业#新妈妈创业调查  地址：http://t.cn/z8yJDvR
3282232374,#老师我有一句话想对您说#阿格利司，老师我有一句话想对您说  地址：http://t.cn/z8ynaMm
3282232374,#寻找有缘人#寻找有缘人——广发银行25周年有奖转发送大礼  地址：http://t.cn/z8Uhaun
3282232374,乐蜂5周年，海尔送祝福  地址：http://t.cn/z8yDNkW
3282232374,#老师我有一句话想对您说#阿格利司，老师我有一句话想对您说  地址：http://t.cn/z8ynaMm
3282232374,乐蜂五周年，海尔送祝福！狂妄大礼重磅袭击！  地址：http://t.cn/z8yeRHm
3282232374,#新妈妈创业#新妈妈创业调查  地址：http://t.cn/z8yJDvR
3282232374,#9月开门红##9月开门红#1天3抢，10亿让利！  地址：http://t.cn/z8yeT72
3282232374,#9月开门红##9月开门红#  地址：http://t.cn/z8yWotW
3282232374,#露姐驾到杏福有礼#露姐驾到?“杏”福有礼  地址：http://t.cn/z84M1BU
3282232374,#开防盗赢宝马#开防盗，摇一摇赢宝马  地址：http://t.cn/z84a6dq
3282232374,#看春天秀老公#看山东卫视《老公的春天》，秀老公“靓”照得ipadmini！  地址：http://t.cn/z84foR1
3282232374,#缭乱三国演义#玩《缭乱三国演义》转发微博 雷蛇鼠标键盘等你拿  地址：http://t.cn/z8bhP7O
3282232374,#疯狂的导演#电影《疯狂的导演》转发送三星盖世手机  地址：http://t.cn/z8UtZTl
3282232374,#九月开学季营养屋转发赢大礼#九月开学季，抓发营养屋微博赢大礼  地址：http://t.cn/z84YRvs
3282232374,#史上最超值平板#史上最超值平板Colorfly E708 Q1首发，转发赢豪礼！  地址：http://t.cn/z84n2R0
3282232374,#九月开学季营养屋转发赢大礼#九月开学季，抓发营养屋微博赢大礼  地址：http://t.cn/z84YRvs
3282232374,#魂斗罗安卓版上线#《魂斗罗：进化革命》安卓版上线 转发送三星平板电脑  地址：http://t.cn/z84T2T9
3282232374,#网上购车票支付用建行#网上购车票 支付用建行  地址：http://t.cn/z84kUU1
3282232374,#大对决#《大对决》有奖转发，100元手机充值卡等你来抢  地址：http://t.cn/z84TSky
3282232374,#新帕杰罗劲畅预订有礼##新帕杰罗·劲畅预订有礼#  地址：http://t.cn/z84TkK4
3282232374,#官方检测确认多美滋产品安全转发赢ipadmini##官方检测确认：多美滋产品安全# 转发赢ipad mini  地址：http://t.cn/z846H5O
3282232374,#新帕杰罗劲畅预订有礼##新帕杰罗·劲畅预订有礼#  地址：http://t.cn/z84TkK4
3282232374,#30秒证明你在玩坦克世界#30秒证明你在玩《坦克世界》  地址：http://t.cn/z849X3N
3282232374,#迅雷看看观影团#《全民目击》迅雷看看观影团邀你拿大奖  地址：http://t.cn/z84n79O
3282232374,#乐蜂5周年海尔送祝福#乐蜂5周年，海尔送祝福  地址：http://t.cn/z846WgU
3282232374,#支持庆州文博会电话卡大派送#支持庆州文博会，电话卡大派送  地址：http://t.cn/z84IKS7
3282232374,#宠乐无忧开心转#宠乐无忧开心转 好运赢取iPad mini  地址：http://t.cn/z846kXS
3282232374,#光荣使命#辽宁卫视每晚19:35全国首播，看剧赢奖！  地址：http://t.cn/z845LRf
3282232374,#官方检测确认多美滋产品安全转发赢ipadmini##官方检测确认：多美滋产品安全# 转发赢ipad mini  地址：http://t.cn/z846H5O
3282232374,给自己的心理暗示1，人之所以能，是相信能；2，拿望远镜看别人，拿放大镜看自己；3，面朝大海，春暖花开。4，昨晚多几分钟的准备，今天少几小时的麻烦；6，只要路是对的，就不怕路远；7，以诚感人者，人亦诚而应。8，与其临渊羡鱼，不如退而结网。9，心有多大，舞台就有多大
3282232374,#宠乐无忧开心转#宠乐无忧开心转 好运赢取iPad mini  地址：http://t.cn/z846kXS
3282232374,#露姐驾到杏福有礼#露姐驾到?“杏”福有礼  地址：http://t.cn/z84M1BU
3282232374,你想的越多，遇到的麻烦就会越多；什么都不想，反倒一点麻烦没有。你怕的越多，欺负你的人就越多；什么都不怕了，反倒没人敢欺负你。这世界就这样，你人品好，别人就来占你的便宜。你横一点，反倒是都来讨好你。别一味地退让，当你受到委屈时，要勇敢地说No！.
3282232374,缤纷开学季 转发赢手机  地址：http://t.cn/z84Is2n
3282232374,#265G微活动#玩《乱世三义》赢取百元话费，Q币！  地址：http://t.cn/z84xZZN
3282232374,#网上购车票支付用建行#网上购车票 支付用建行  地址：http://t.cn/z84kUU1
3282232374,#缭乱三国演义#玩《缭乱三国演义》转发微博 雷蛇鼠标键盘等你拿  地址：http://t.cn/z8bhP7O
3282232374,#爱央央新品团#有奖转发！爱央央秋季新品特惠推广  地址：http://t.cn/z8GSEhT
3282232374,#M360乐活户外大本营#周末到M360乐活户外大本营赢悠悠鞋  地址：http://t.cn/z8bcO1Z
3282232374,#美女#最“胸”最“猛”的游戏《萌妹纸》封测即将结束！速来领妹纸！  地址：http://t.cn/z8GOdXn
3282232374,#99大聚惠#99大聚惠—小狗有奖转发  地址：http://t.cn/z8cZYb1
3282232374,#看晚报游浙江#玩【浙江旅游】微信猜图，狂送30台 ipad mini ！ [  地址：http://t.cn/z85fYfe
3282232374,#IASO伊雅索#关注IASO伊雅索！有奖转发赢护肤大礼！  地址：http://t.cn/z8GbfYq
3282232374,蓝莓味道的手机，想要吗？广信S6，甜蜜来袭！  地址：http://t.cn/z85MbEM
3282232374,妈妈妈妈妈妈妈妈妈妈妈妈妈妈妈妈，，，，童鞋们你们小时候有没有这样撒娇过？有木有？有木有？
3282232374,#IASO伊雅索#关注IASO伊雅索！有奖转发赢护肤大礼！  地址：http://t.cn/z8GbfYq
3282232374,#火锅美食#【巴倒烫好味道】带父母来重庆散散心 有奖转发赢取苹果IPAD mini  地址：http://t.cn/z8bpkgh
3282232374,#天王表25周年传奇创世纪#9月1日天王表携手陈晓东在呼市新品发布，转发赢传奇系列新款腕表  地址：http://t.cn/z8Gim4x
3282232374,#M360乐活户外大本营#周末到M360乐活户外大本营赢悠悠鞋  地址：http://t.cn/z8bcO1Z
3282232374,#一元试吃#享食者1元试吃 转发赢iPad mini  地址：http://t.cn/z8G1HXF
3282232374,蓝莓味道的手机，想要吗？广信S6，甜蜜来袭！  地址：http://t.cn/z85MbEM
3282232374,#99大聚惠#99大聚惠—小狗有奖转发  地址：http://t.cn/z8cZYb1
3282232374,#火锅美食#【巴倒烫好味道】带父母来重庆散散心 有奖转发赢取苹果IPAD mini  地址：http://t.cn/z8bpkgh
3282232374,#小网球大数据#【IBM请你给我一个网球】  地址：http://t.cn/z8bbEJ1
3282232374,#月饼礼盒#迎中秋@月饼礼盒有奖转发 赢高档月饼礼盒+红酒礼盒+双人自助餐券  地址：http://t.cn/z8GKaKD
3282232374,#金秋玖月送惊喜打造最美婚礼妈妈转发赢相机#金秋玖月送惊喜 打造最美婚礼妈妈  地址：http://t.cn/z8blWp8
3282232374,#爱央央新品团#有奖转发！爱央央秋季新品特惠推广  地址：http://t.cn/z8GSEhT
3282232374,入门级智能手机推荐——三星Galaxy fame 6812I！转发赢手机！  地址：http://t.cn/z8G0eEl
3282232374,#金秋玖月送惊喜打造最美婚礼妈妈转发赢相机#金秋玖月送惊喜 打造最美婚礼妈妈  地址：http://t.cn/z8blWp8
3282232374,#一元试吃#享食者1元试吃 转发赢iPad mini  地址：http://t.cn/z8G1HXF
3282232374,#找宝石来汉华尚品#汉华尚品官方微博，第二期活动开始，奖品等你拿！  地址：http://t.cn/z8bS8IK
3282232374,#我的中国星#看《我的中国星》赢取IPAD4  地址：http://t.cn/z85SZOO
3282232374,#看晚报游浙江#玩【浙江旅游】微信猜图，狂送30台 ipad mini ！ [  地址：http://t.cn/z85fYfe
3282232374,#宝宝便轻松秋日特有爱#宝宝“便”轻松，秋日“特”有爱！  地址：http://t.cn/z8GwUYY
3282232374,#德轩中秋送好礼#德轩中秋送好礼  地址：http://t.cn/z8GBcVL
3282232374,#达妇宁上市7周年#达妇宁上市7周年---“信赖达妇宁，女人没问题”转发有惊喜  地址：http://t.cn/z8GfmOU
3282232374,#德轩中秋送好礼#德轩中秋送好礼  地址：http://t.cn/z8GBcVL
3282232374,入门级智能手机推荐——三星Galaxy fame 6812I！转发赢手机！  地址：http://t.cn/z8G0eEl
3282232374,#先扫描二维码关注海尔厦门转发赢大奖#【先扫描二维码，关注海尔厦门转发赢大奖】  地址：http://t.cn/z8GYC3r
3282232374,#美女#最“胸”最“猛”的游戏《萌妹纸》封测即将结束！速来领妹纸！  地址：http://t.cn/z8GOdXn
3282232374,#月饼礼盒#迎中秋@月饼礼盒有奖转发 赢高档月饼礼盒+红酒礼盒+双人自助餐券  地址：http://t.cn/z8GKaKD
3282232374,#天王表25周年传奇创世纪#9月1日天王表携手陈晓东在呼市新品发布，转发赢传奇系列新款腕表  地址：http://t.cn/z8Gim4x
3282232374,#小网球大数据#【IBM请你给我一个网球】  地址：http://t.cn/z8bbEJ1
3282232374,#伟彦平板全球首发##伟彦平板全球首发#转发赢平板电脑等大礼  地址：http://t.cn/z84085K
3282232374,#转发赢iPadmini#巴比馒头“中国好味道”投票，转发赢取“iPad mini”  地址：http://t.cn/z84Tcoo
3282232374,#可瑞康始终纯净#可瑞康始终纯净  地址：http://t.cn/z84krlT
3282232374,#可瑞康始终纯净#可瑞康始终纯净  地址：http://t.cn/z84krlT
3282232374,#智能家居开学季#开学季，你准备好了吗？GKB智能家居来送礼  地址：http://t.cn/z84JZW0
3282232374,#伟彦平板全球首发##伟彦平板全球首发#转发赢平板电脑等大礼  地址：http://t.cn/z84085K
3282232374,卡西欧FX-82ES PLUS A炫彩上市！新学期给同学点颜色吧！  地址：http://t.cn/z84Y3ex
3282232374,#30秒证明你在玩坦克世界#30秒证明你在玩《坦克世界》  地址：http://t.cn/z849X3N
3282232374,偷吃面包后的惩罚。。。「转」
3282232374,#三星TAB3首发##三星TAB3#苏宁易购独家震撼首发！活动期间3重大礼免费送  地址：http://t.cn/z8G4oix
3282232374,#我的中国星#看《我的中国星》赢取IPAD4  地址：http://t.cn/z85SZOO
3282232374,#宝宝便轻松秋日特有爱#宝宝“便”轻松，秋日“特”有爱！  地址：http://t.cn/z8GwUYY
3282232374,#达妇宁上市7周年#达妇宁上市7周年---“信赖达妇宁，女人没问题”转发有惊喜  地址：http://t.cn/z8GfmOU
3282232374,我的婚床我做主  地址：http://t.cn/z8Gt1zo
3282232374,我的婚床我做主  地址：http://t.cn/z8Gt1zo
3282232374,#西安之心亚洲之耀#西安之心 亚洲之耀  地址：http://t.cn/z8UWN8x
3282232374,卡西欧FX-82ES PLUS A炫彩上市！新学期给同学点颜色吧！  地址：http://t.cn/z84Y3ex
3282232374,#智能家居开学季#开学季，你准备好了吗？GKB智能家居来送礼  地址：http://t.cn/z84JZW0
3282232374,#西安之心亚洲之耀#西安之心 亚洲之耀  地址：http://t.cn/z8UWN8x
3282232374,#看春天秀老公#看山东卫视《老公的春天》，秀老公“靓”照得ipadmini！  地址：http://t.cn/z84foR1
3282232374,#發票彩送平版#发票彩APP天天送平版，微博转发抽平版  地址：http://t.cn/z84Tk3h
3282232374,#魂斗罗安卓版上线#《魂斗罗：进化革命》安卓版上线 转发送三星平板电脑  地址：http://t.cn/z84T2T9
3282232374,#迅雷看看观影团#《全民目击》迅雷看看观影团邀你拿大奖  地址：http://t.cn/z84n79O
3282232374,#转发赢iPadmini#巴比馒头“中国好味道”投票，转发赢取“iPad mini”  地址：http://t.cn/z84Tcoo
3282232374,盈通显卡联手京东 显卡“免费升舱”活动开启  地址：http://t.cn/z84aoi7
3282232374,#光荣使命#辽宁卫视每晚19:35全国首播，看剧赢奖！  地址：http://t.cn/z845LRf
3282232374,【看一个男人是否真的爱你】，就要看他在无助的时候，是否会向你展示脆弱；就要看他在孤独的时候，第一个想到的是不是你；就要看他在失败的时候，会不会在你面前痛快地宣泄；就要看他在欣赏美丽异性的时候，心里是否依然只装着你。
3282232374,#乐蜂5周年海尔送祝福#乐蜂5周年，海尔送祝福  地址：http://t.cn/z846WgU
3282232374,#支持庆州文博会电话卡大派送#支持庆州文博会，电话卡大派送  地址：http://t.cn/z84IKS7
3282232374,#动动小手赢取大奖#关注济南红方格广告，转发微博赢大奖  地址：http://t.cn/z8b4dfi
3282232374,#史上最超值平板#史上最超值平板Colorfly E708 Q1首发，转发赢豪礼！  地址：http://t.cn/z84n2R0
3282232374,#疯狂的导演#电影《疯狂的导演》转发送三星盖世手机  地址：http://t.cn/z8UtZTl
3282232374,盈通显卡联手京东 显卡“免费升舱”活动开启  地址：http://t.cn/z84aoi7
3282232374,#大对决#《大对决》有奖转发，100元手机充值卡等你来抢  地址：http://t.cn/z84TSky
3282232374,#乐驼网开学送豪礼#关注转发送微软Surface、话费、现金券，乐驼网开学送豪礼！  地址：http://t.cn/z84tPOv
3282232374,缤纷开学季 转发赢手机  地址：http://t.cn/z84Is2n
3282232374,#开防盗赢宝马#开防盗，摇一摇赢宝马  地址：http://t.cn/z84a6dq
3282232374,#华为G700##坚持理想，魅力无限#参与活动赢取G700手机  地址：http://t.cn/z8cZPuk
3282232374,#万元悬赏Q房之歌#万元悬赏 Q房之歌  地址：http://t.cn/z8cvjPN
3282232374,#唯思美网上婚博会#唯思美网上婚博会  地址：http://t.cn/z8casNS
3282232374,#转发送200份月饼大礼盒#米折网免费送200份月饼大礼盒  地址：http://t.cn/z8cfTVe
3282232374,#星光城0元房##星光城0元房#转发赢取总价值1000元话费！  地址：http://t.cn/z8cpUlj
3282232374,#加入鹏友会专享好课程#加入鹏友会 专享好课程  地址：http://t.cn/z8teMwI
3282232374,#加入鹏友会专享好课程#加入鹏友会 专享好课程  地址：http://t.cn/z8teMwI
3282232374,有奖转发：联合风暴，在这等你，转发有好礼  地址：http://t.cn/z8cJ4ZV
3282232374,#华为G700##坚持理想，魅力无限#参与活动赢取G700手机  地址：http://t.cn/z8cZPuk
3282232374,#万元悬赏Q房之歌#万元悬赏 Q房之歌  地址：http://t.cn/z8cvjPN
3282232374,#国投瑞银第三届全民指数理财邀请赛##国投瑞银第三届全民指数理财邀请赛#  地址：http://t.cn/z8cqpJe
3282232374,有奖转发：黄道吉日 求出“价”  地址：http://t.cn/z8cydN5
3282232374,#感恩教师节#老师，想您了！送张贺卡吧！  地址：http://t.cn/z8cSpTw
3282232374,#唯思美网上婚博会#唯思美网上婚博会  地址：http://t.cn/z8casNS
3282232374,#一起转发拿大奖#iphone5来啦  地址：http://t.cn/z8qrBvX
3282232374,转发微博，就有机会赢取百元电话卡！  地址：http://t.cn/z8cJL0C
3282232374,#参与有礼#吃对你的家常菜  地址：http://t.cn/z8cVVjO
3282232374,#Wrangler你最想去的旅行目的地#关注Wrangler美国牛仔旗帜，说出你最想去的地方转发赢好礼  地址：http://t.cn/z8cHC9U
3282232374,小积分抽大奖，赢“华为荣耀3”手机  地址：http://t.cn/z8tsO7n
3282232374,#电器城新品惠#电器城新品惠  地址：http://t.cn/z8cvPIw
3282232374,9月1-5日“有奖转发”  地址：http://t.cn/z85woSM
3282232374,E路领先 真情回馈  地址：http://t.cn/z8cCXPB
3282232374,免费送iPad mini  地址：http://t.cn/z8cZHzF
3282232374,#福日星徽荣耀二周年##福日星徽·荣耀二周年# 龙岗福日奔驰二周年感恩回馈  地址：http://t.cn/z85C3OV
3282232374,#开学季充值赢手机可凡诚品汇充值微商城正式上线了转发赢小米手机#【开学季充值赢手机】可凡诚品汇微商城正式上线了转发赢小米手机  地址：http://t.cn/z85ClBr
3282232374,免费送iPad mini  地址：http://t.cn/z8cZHzF
3282232374,十大金牌月饼，你知道几个？  地址：http://t.cn/z8cCQ7h
3282232374,#发现5的美#91桌面（安卓）5.0威武上线，转发送iPad Mini！  地址：http://t.cn/z854sWX
3282232374,#福日星徽荣耀二周年##福日星徽·荣耀二周年# 龙岗福日奔驰二周年感恩回馈  地址：http://t.cn/z85C3OV
3282232374,#乐打印乐学习#乐打印乐学习  地址：http://t.cn/z8cyJ6d
3282232374,十大金牌月饼，你知道几个？  地址：http://t.cn/z8cCQ7h
3282232374,#夫人你最美#我时尚，我魅力，最美夫人  地址：http://t.cn/z8cU3vI
3282232374,转发微博，就有机会赢取百元电话卡！  地址：http://t.cn/z8cJL0C
3282232374,E路领先 真情回馈  地址：http://t.cn/z8cCXPB
3282232374,#开学季充值赢手机可凡诚品汇充值微商城正式上线了转发赢小米手机#【开学季充值赢手机】可凡诚品汇微商城正式上线了转发赢小米手机  地址：http://t.cn/z85ClBr
3282232374,#全新桑塔纳1988话剧之旅#全新桑塔纳?1988话剧之旅有奖互动  地址：http://t.cn/z8czs86
3282232374,#儿童安全座椅聚划算kiddy悦服者直降1400元#安全座椅淘宝聚划算转发赢相机  地址：http://t.cn/z8qgQlZ
3282232374,#龙城寻宝#宏艺龙城寻宝  地址：http://t.cn/z8V6ItS
3282232374,#有奖转发#你敢转，我就送！——空港夏洛兹花园这厢有礼了！  地址：http://t.cn/z8cfRAb
3282232374,#转发送话费#看美女帅哥讲祛痘分享，转发得话费！  地址：http://t.cn/z8cank0
3282232374,#转发送话费#看美女帅哥讲祛痘分享，转发得话费！  地址：http://t.cn/z8cank0
3282232374,#开学送话费方便泡学妹#华南城网开学千元话费大赠送   方便你来泡学妹  地址：http://t.cn/z85PaMA
3282232374,#Wrangler你最想去的旅行目的地#关注Wrangler美国牛仔旗帜，说出你最想去的地方转发赢好礼  地址：http://t.cn/z8cHC9U
3282232374,就耀去探险，转发赢荣耀3  地址：http://t.cn/z85vvQW
3282232374,#维意广告语万元大奖由你来定#维意广告语万元大奖，由你来定！  地址：http://t.cn/z85xTep
3282232374,#开学迎新季我的装备我的团##开学迎新季 我的装备我的“团”#  地址：http://t.cn/z8V8Lps
3282232374,9月1-5日“有奖转发”  地址：http://t.cn/z85woSM
3282232374,#龙城寻宝#宏艺龙城寻宝  地址：http://t.cn/z8V6ItS
3282232374,#乐打印乐学习#乐打印乐学习  地址：http://t.cn/z8cyJ6d
3282232374,#寻找中国合伙人#多喜爱寻找中国合伙人！转发赢三星手机！  地址：http://t.cn/z8cymF3
3282232374,转发微博
3282232374,转发微博
3282232374,#电器城新品惠#电器城新品惠  地址：http://t.cn/z8cvPIw
3282232374,关注联通超级炫铃，赢联通充值卡  地址：http://t.cn/z8cCebm
3282232374,#寻找中国合伙人#多喜爱寻找中国合伙人！转发赢三星手机！  地址：http://t.cn/z8cymF3
3282232374,有奖转发：京东第二届数码狂欢节 转发有奖  地址：http://t.cn/z8V6BwV
3282232374,#开学送话费方便泡学妹#华南城网开学千元话费大赠送   方便你来泡学妹  地址：http://t.cn/z85PaMA
3282232374,#草根英雄#百诺肯寻找真“芯”英雄，赢取iPhone 5和5250元梦想奖金！  地址：http://t.cn/z85AvUS
3282232374,#一起转发拿大奖#iphone5来啦  地址：http://t.cn/z8qrBvX
3282232374,#发现5的美#91桌面（安卓）5.0威武上线，转发送iPad Mini！  地址：http://t.cn/z854sWX
3282232374,#有奖转发#你敢转，我就送！——空港夏洛兹花园这厢有礼了！  地址：http://t.cn/z8cfRAb
3282232374,#草根英雄#百诺肯寻找真“芯”英雄，赢取iPhone 5和5250元梦想奖金！  地址：http://t.cn/z85AvUS
3282232374,关注联通超级炫铃，赢联通充值卡  地址：http://t.cn/z8cCebm
3282232374,#儿童安全座椅聚划算kiddy悦服者直降1400元#安全座椅淘宝聚划算转发赢相机  地址：http://t.cn/z8qgQlZ
3282232374,#zoom一夏##zoom一夏#【有聊有拍 精彩不错过】手机客设计大赛正在进行....  地址：http://t.cn/z8cfMYP
3282232374,就耀去探险，转发赢荣耀3  地址：http://t.cn/z85vvQW
3282232374,转发微博
3282232374,#维意广告语万元大奖由你来定#维意广告语万元大奖，由你来定！  地址：http://t.cn/z85xTep
3282232374,#全新桑塔纳1988话剧之旅#全新桑塔纳?1988话剧之旅有奖互动  地址：http://t.cn/z8czs86
3282232374,#国投瑞银第三届全民指数理财邀请赛##国投瑞银第三届全民指数理财邀请赛#  地址：http://t.cn/z8cqpJe
3282232374,#感恩教师节#老师，想您了！送张贺卡吧！  地址：http://t.cn/z8cSpTw
3282232374,#星光城0元房##星光城0元房#转发赢取总价值1000元话费！  地址：http://t.cn/z8cpUlj
3282232374,#百姓彩票3D百万大派彩#百姓彩票3D百万大派彩，ipad mini拿回家！还有众多彩金卡！  地址：http://t.cn/z8cZA7x
3282232374,有奖转发：黄道吉日 求出“价”  地址：http://t.cn/z8cydN5
3282232374,有奖转发：京东第二届数码狂欢节 转发有奖  地址：http://t.cn/z8V6BwV
3282232374,#夫人你最美#我时尚，我魅力，最美夫人  地址：http://t.cn/z8cU3vI
3282232374,小积分抽大奖，赢“华为荣耀3”手机  地址：http://t.cn/z8tsO7n
3282232374,#参与有礼#吃对你的家常菜  地址：http://t.cn/z8cVVjO
3282232374,#zoom一夏##zoom一夏#【有聊有拍 精彩不错过】手机客设计大赛正在进行....  地址：http://t.cn/z8cfMYP
3282232374,#开学迎新季我的装备我的团##开学迎新季 我的装备我的“团”#  地址：http://t.cn/z8V8Lps
3282232374,转发微博
3282232374,英特尔芯平板趣味漫画有奖大转发第二期  地址：http://t.cn/z8c4AwC
3282232374,#寻找默契小伙伴##寻找默契小伙伴#一起领奖品 转发赢ipad4！  地址：http://t.cn/z8tsOWL
3282232374,有奖转发：联合风暴，在这等你，转发有好礼  地址：http://t.cn/z8cJ4ZV
3282232374,热烈庆贺国债期货将于9月6日正式上市  地址：http://t.cn/z8cC0C6
3282232374,#柔美水槽#柔美水槽，转微博赢月饼过中秋  地址：http://t.cn/z8cl6u4
3282232374,英特尔芯平板趣味漫画有奖大转发第二期  地址：http://t.cn/z8c4AwC
3282232374,#柔美水槽#柔美水槽，转微博赢月饼过中秋  地址：http://t.cn/z8cl6u4
3282232374,热烈庆贺国债期货将于9月6日正式上市  地址：http://t.cn/z8cC0C6
3282232374,#生活那些事儿#爱奇艺生活粉丝福利同乐会转发抢话费  地址：http://t.cn/z8ciW7c
3282232374,#金地铂悦转发得单反#【关注铂悦，得单反相机！！】  地址：http://t.cn/z8VG1BG
3282232374,#当当有礼#转微博，港式月饼免费送  地址：http://t.cn/z8cfiPe
3282232374,转发赢罗莱四件套  地址：http://t.cn/z8tsTOZ
3282232374,#夏日示爱#360导航转发送手机！  地址：http://t.cn/z8cCXpH
3282232374,#炫影SII最美开学季##炫影SII 最美开学季#  地址：http://t.cn/z8cP19Q
3282232374,#用焦点做自己生活的导演#用焦点，做自己生活的导演  地址：http://t.cn/z8cZZqt
3282232374,#抢手机了#看央视《指尖上的商机》 每天5部手机等你抢  地址：http://t.cn/z8VB3qJ
3282232374,#机惠日#机惠日 去南极看企鹅【第二季】  地址：http://t.cn/z8cCabJ
3282232374,#老公么么哒#看安徽卫视《老公的春天》 赢取幸福大奖 或 ipadmini  地址：http://t.cn/z8cSmx5
3282232374,#夏日示爱#360导航转发送手机！  地址：http://t.cn/z8cCXpH
3282232374,#美在洛阳#“美在洛阳”微博图片手机拍  转发赢取iPad mini  地址：http://t.cn/z8cIlPa
3282232374,#明星爱为你#明星爱为你  地址：http://t.cn/z8tsC0h
3282232374,#当当有礼#转微博，港式月饼免费送  地址：http://t.cn/z8cfiPe
3282232374,转发赢罗莱四件套  地址：http://t.cn/z8tsTOZ
3282232374,我为教师送张票，转发赢苹果IPAD MINI！  地址：http://t.cn/z8cVVL0
3282232374,#国人汇积分当钱花#国人汇，积分当钱花，1积分抵1元！转发赢惊喜大奖ipadmini一台！  地址：http://t.cn/z8cZzg6
3282232374,#金秋飓风国人汇#国美转发送IPADMINI  地址：http://t.cn/z8cZqq4
3282232374,#咖啡恋人#《咖啡恋人》即将浓情开启，发祝福赢三星Galaxy S4！  地址：http://t.cn/z8cnlL3
3282232374,优色林 换季大作战  地址：http://t.cn/z8tsn8n
3282232374,转发微博
3282232374,#9月开门红##9月开门红#  地址：http://t.cn/z8cSt7k
3282232374,#国人汇积分当钱花#国人汇，积分当钱花，1积分抵1元！转发赢惊喜大奖ipadmini一台！  地址：http://t.cn/z8cZzg6
3282232374,我们送样样行功夫王电锅喽！给你的ta贴秋膘吧~  地址：http://t.cn/z8tsoZU
3282232374,Z.cn登陆亚马逊下单，赢取5000元礼品卡  地址：http://t.cn/z8cl3t7
3282232374,#美在洛阳#“美在洛阳”微博图片手机拍  转发赢取iPad mini  地址：http://t.cn/z8cIlPa
3282232374,#今年中秋我一定回家#今年中秋我一定回家  地址：http://t.cn/z8cZxrG
3282232374,我为教师送张票，转发赢苹果IPAD MINI！  地址：http://t.cn/z8cVVL0
3282232374,银得未来“融申杯”模拟理财大赛  地址：http://t.cn/z8cqgMp
3282232374,#今年中秋我一定回家#今年中秋我一定回家  地址：http://t.cn/z8cZxrG
3282232374,#看电视赢iPadmini#看电视 赢iPad mini  地址：http://t.cn/z8cHr0e
3282232374,银得未来“融申杯”模拟理财大赛  地址：http://t.cn/z8cqgMp
3282232374,#咖啡恋人#《咖啡恋人》即将浓情开启，发祝福赢三星Galaxy S4！  地址：http://t.cn/z8cnlL3
3282232374,#看电视赢iPadmini#看电视 赢iPad mini  地址：http://t.cn/z8cHr0e
3282232374,#金地铂悦转发得单反#【关注铂悦，得单反相机！！】  地址：http://t.cn/z8VG1BG
3282232374,#中秋送祝福#晒中秋祝福，赢iPad mini和智能手机！  地址：http://t.cn/z8tD6TP
3282232374,#机惠日#机惠日 去南极看企鹅【第二季】  地址：http://t.cn/z8cCabJ
3282232374,#炫影SII最美开学季##炫影SII 最美开学季#  地址：http://t.cn/z8cP19Q
