商务部：收到美方希来京进行经贸问题磋商信息 中方表示欢迎,AWNN59Puvel9p8sC_Fcv
高盛：关键动力“熄火” 未来两周美股波动性将增加,AWNN56EKvel9p8sC_CkK
联想控股成首家H股全流通试点公司,AWNN5zLDvel9p8sC-83E
阿里收购中天微自主研发“中国芯”,AWNN5xx3vel9p8sC-7ka
证监会新规细化“非标审计意见”信息披露要求,AWNN5yGJvel9p8sC-79b
证监会为港股通投资者引入香港投研服务,AWNN5-eMvel9p8sC_GRr
IMF官员警告贸易摩擦升级将损害亚太经济,AWNN5yV_vel9p8sC-8LH
黄金技术分析：短线看跌 跌破一水平将产生强劲利空信号,AWNN53ASvel9p8sC_AE9
IMF春季年会：所有国家都紧盯中美贸易战 但毫无缓解迹象,AWNN5yV_vel9p8sC-8K_
海南提高公积金贷款首付比例抑制房价过快增长,AWNN53ASvel9p8sC-_7l
国资委研究中心：央企将在三大重要领域加强并购重组,AWNN53POvel9p8sC_AM9
港交所与新三板签约合作 创新企业迎“新三板+H股”上市新模式,AWNN5y6Nvel9p8sC-8fh
有公司放高利贷业内人士揭融资担保行业风险点,AWNN5yV_vel9p8sC-8Eo
一汽集团作为战略投资者参与拜腾B轮融资 签署战略合作投资框架协议_资讯_极速侠_财经网,AWNN5yV_vel9p8sC-8DS
全球最大资产管理集团正“觊觎”中国 管理规模超过日本GDP,AWNN5yGJvel9p8sC-7uv
美国著名加密货币对冲基金预测比特币价格将触底反弹,AWNN5-IFvel9p8sC_GLv
证监会核发2家企业IPO批文 拟筹资不超过15亿元,AWNN6NWmvel9p8sC_TIN
IMF再揭伤疤：全球负债累累 当心金融危机昨日重现,AWNN595wvel9p8sC_Fxn
现货黄金两轮下挫 下周金价警惕下行风险,AWNN53ASvel9p8sC_AAc
新三板+H股企业在挂牌/上市方面不享有特殊政策优待,AWNN53yAvel9p8sC_AuB
私募：A股下跌空间有限 医药等板块具有较大确定性,AWNN55Z3vel9p8sC_CIt
央行：中国加大金融业对外开放系列措施将于今年前实施到位,AWNN56qbvel9p8sC_DIk
国资委智库：国有资本运营公司不宜追求金融全牌照,AWNN53itvel9p8sC_Aie
互存金融拥抱监管 严把风控打造用户放心平台,AWNN55Z3vel9p8sC_CFX
重磅！海南省商品住宅实施全域限购,AWNN57TGvel9p8sC_Dku
海南房地产调控再加码：岛内实行全域限购,AWNN6BEZvel9p8sC_Ipy
市场短期弱势格局难改 关注雄安板块能否带动市场人气,AWNN58Xwvel9p8sC_Ehl
新华社：朝鲜官员撰文强调贯彻全力发展经济新路线,AWNN59Puvel9p8sC_FYJ
央行：加大金融业对外开放措施年底前实施到位,AWNN57TGvel9p8sC_Dk_
地方专项债有望向保障住房等领域扩围,AWNN55xJvel9p8sC_Cfy
市场化债转股有序推进 项目落地率仍有提高空间,AWNN56EKvel9p8sC_Ckw
政府引导基金可从四方面着手 支持高技术产业发展,AWNN6Bpyvel9p8sC_I8e
人民日报：互联网交易平台高额返利促销存巨大风险,AWNN58pgvel9p8sC_E5O
机械板块由底部复苏走向稳健盈利 绩与估值有望出现双击,AWNN54kWvel9p8sC_BhP
机构股票配置出现重大变化：传统蓝筹被抛弃 主攻这个,AWNN54C0vel9p8sC_BDt
“新三板+H”双上市通道开启 全国股转国际化第一步,AWNN5-9uvel9p8sC_Gt_
亚马逊推出区块链开发模板 期待未来成打假神器,AWNN58pgvel9p8sC_Exd
重磅！海南宣布全域限购，数千亿炒房资金被“关门打狗”！,AWNN589Nvel9p8sC_FCm
“新三板+H股”机制落地 挂牌公司赴港IPO不需摘停牌,AWNN58pgvel9p8sC_E48
上交所：将进一步修订异常交易监管标准 坚决防止股市大起大落,AWNN6DS_vel9p8sC_KNb
美国对阿里下手？危急关头！马云正式宣布！,AWNN57TGvel9p8sC_DkU
央行行长易纲:中国经济基本面强劲 金融风险总体可控,AWNN56qbvel9p8sC_DLX
人民日报：迎接“独角兽” 拒绝“毒角兽”,AWNN56qbvel9p8sC_DDz
战略性引长线资本进入IC领域 寻找有识别能力的基金管理人,AWNN589Nvel9p8sC_FCp
人民日报：细算中美经贸账美对华贸易逆差至少要比美方数字少1/3,AWNN55Z3vel9p8sC_CL4
北上资金单周成交再破千亿 电子板块逆势加仓成龙头,AWNN5-9uvel9p8sC_GuU
新三板长期停牌不能再任性下去了,AWNN6Affvel9p8sC_IEf
联想控股成H股“全流通”首家试点 盘前股价涨逾5%,AWNN54kWvel9p8sC_BcY
乐视网开盘跌停 深交所对参与炒作的8个账户采取监管措施,AWNN55JMvel9p8sC_B46
乐视网开盘跌停 8个参与股票炒作账户被深交所监管,AWNN6AGzvel9p8sC_H0c
资管业务须持牌经营 合规整改迫在眉睫,AWNN542kvel9p8sC_Bwy
金都城：美元四阳反弹，黄金承压多头萎靡,AWNN5-IEvel9p8sC_GHa
三大股指冲高回落 吉林板块崛起,AWNN5-tZvel9p8sC_Gmk
消费高返利骗局层出不穷 返利打互联网+旗号动辄100%_资讯_因果财经_财经网,AWNN5-IFvel9p8sC_GNZ
美元隐含净空持仓续增 因英镑、欧元净多持仓增加,AWNN589Ovel9p8sC_FMC
白银黄金比率趋势尚未改变，谨慎看待通胀交易,AWNN56qbvel9p8sC_DKC
工信部:我国芯片产业年复合增值率为同期全球增速5倍,AWNN54C0vel9p8sC_BCY
中兴通讯：正在就美国的出口禁令积极寻求解决方案,AWNN542kvel9p8sC_BvS
IMF支持日本力邀美国重返TPP：多边框架优于双边协议,AWNN58Xwvel9p8sC_EuZ
蜂融网理财：网络借贷平台收益不高？这些傻事别做！,AWNN56EKvel9p8sC_Cws
DCC掀海内外热潮：分布式银行公链如何让全世界同享惠普金融？,AWNN5684vel9p8sC_Dcu
证监会:深化改革开放创新 促进证券基金业高质量发展,AWNN5y6Nvel9p8sC-8iN
融合“社交+区块链”的新型电商：App上线十天注册用户20000,AWNN59Puvel9p8sC_FUw
易纲:中国金融风险总体可控 金融部门杠杆得到控制,AWNN6BEZvel9p8sC_Ihu
金融监管持续升级 强化互联网金融风险管理,AWNN55JNvel9p8sC_CEE
欧盟就中美贸易摩擦表态：我们不会“选边站”,AWNN6BEZvel9p8sC_Ihz
世行股东支持130亿美元增资计划,AWNN55JNvel9p8sC_CAb
罗顿发展：股票将被实施退市风险警示 停牌一天,AWNN58pgvel9p8sC_Ey3
从事后补偿到事前干预：保险服务“触角”在延伸,AWNN6FL1vel9p8sC_L95
中国船舶：24日起实施退市风险警示 股票简称变更为“*ST船舶”,AWNN58pgvel9p8sC_Ey0
多家银行上调大额存单利率,AWNN5-eMvel9p8sC_GRv
易纲：中国加大金融业对外开放有明确时间表和路线图,AWNN55JNvel9p8sC_CD_
P2P理财蜂融网：适合普通人的投资理财规划,AWNN5684vel9p8sC_Dc6
易纲的金融外交有“看头儿”,AWNN59Puvel9p8sC_FSQ
世行：数字技术助推全球普惠金融发展,AWNN6Affvel9p8sC_H8U
可转债迎来配置良机 基金经理紧盯结构性投资机会,AWNN6Bpzvel9p8sC_JEj
“中国芯”离了美国不行？聚焦中兴被制裁三大热点,AWNN53yAvel9p8sC_A1Z
美联储威廉姆斯：渐进加息或持续数年 中性利率为3%,AWNN58pgvel9p8sC_Eyb
“三+H”关键一步 股转公司与香港交易所签署合作备忘录,AWNN6BEZvel9p8sC_IaX
外资险企看好二、三线城市市场,AWNN53itvel9p8sC_Aaz
